,project_id,project_name,description,category,cost,district,votes,title_length,description_length,agg_district_code,agg_quartiers,src_district_code,approved,approved_binary
0,195,Déployer des équipements préventifs pour démoustiquer le quartier,"La prolifération des moustiques est un problème régulièrement soulevé par les habitants du quartier d’autant que le phénomène semble s’intensifier d’année en année. Les actions de sensibilisation et de prévention menée auprès de la population sont nécessaires mais ne semblent pas suffisantes, pas plus que des initiatives individuelles des certains habitants. -	Les habitants de Lafourguette souhaitent que soient installés des équipements dans les secteurs publics du quartier : bornes anti-moustiques à phéromones, abris pour les chauves-souris ou nichoirs à hirondelles (voir point H ci-dessus). -	Nous proposons notamment que l’initiative portée par la Mairie dans diverses crèches municipales et écoles de Toulouse soit déployée sur le périmètre de notre quartier.Modalités de réalisation - Avis technique :La Mairie de Toulouse utilise déjà des bornes anti-moustiques, notamment dans les lieux de petite enfance. Leur principe de fonctionnement est d’imiter une présence humaine et de capturer sur l’étape de piqûre. En présence de public, la borne va piéger des moustiques mais d’autres individus vont continuer à piquer.Le dispositif pourrait être complété par l’installation de 40 pièges pondoirs sur le quartier pour lutter contre les moustiques tigres. Les pièges pondoirs stoppent la prolifération (ponte) et capturent les moustiques tigres. Spécifiques à cette espèce, cette solution intervient sur une étape clé et incontournable du cycle de vie du moustique tigre;Les nichoirs à chauve-souris sont moins pertinents car les chauves-souris ont une activité crépusculaire voire nocturne, et les moustiques tigres piquent particulièrement en journée (matinée et début de soirée avant la tombée de la nuit), de fait ce ne sont pas les prédateurs les plus appropriée pour lutter contre ces moustiques.",Nature en ville,5700,14 - Saint-Simon / Lafourguette / Oncopole-Campus Santé du Futur,85,65,1811,14,Saint-Simon / Lafourguette / Oncopole-Campus Santé du Futur,6.4,True,1
1,145,Désimperméabiliser et végétaliser le carrefour Ducuing/Salade Ponsan,"Le carrefour av. Ducuing/Salade Ponsan est surdimensionné avec un 2 grands terre-pleins imperméabilisés et inutiles, une chaussée en 3 parties, chacune très large. Cette configuration avec des angles très larges incite de plus à la vitesse. Cette place perdue et bitumée mériterait un aménagement : - ne conserver qu'une voie double sens dans un carrefour resserré et des aménagements cyclables - trottoirs agrandis surtout à l'ouest - la place libérée serait désimperméabilisée et végétalisée. Ce serait un porte d'entrée intéressante vers Pech David surtout avec la future OAP Larrey.Modalités de réalisation - avis technique :La végétalisation des terre-plein au carrefour Ducuing/Salade Ponsan sera assurée par le Plan Arbres de Toulouse Métropole, durant le mandat. A la place, il est proposé de financer un aménagement cyclable sur l’avenue Joseph Ducuing, ainsi que sur le Chemin de Pouvourville. Ces aménagements prendraient la forme de Chaussées à Voie Centrale Banalisée (CVCB). A noter que pour les besoins de l’aménagement sur l'Avenue Ducuing, le stationnement longitudinal du côté opposé à la Faculté de Médecine serait supprimé.",Nature en ville,200000,13 - Rangueil / Sauzelong / Jules-Julien / Pech-David / Pouvourville,38,68,1143,13,Rangueil / Sauzelong / Jules-Julien / Pech-David / Pouvourville,5.2,False,0
2,25,Végétaliser la rue Matabiau,"La rue Matabiau est une des grandes portes d'entrée de l'hypercentre Toulousain. Avec de nombreux immeubles typiques, et une vie de quartier dynamique, cette rue n'en demeure pas moins un ilot de chaleur, et manque globalement de nature. Aussi, nous proposons de végétaliser la rue Matabiau sur son segment entre la place Jeanne D'Arc et la place Roquelaine (secteur de la rue le plus facilement aménageable rapidement), afin de créer un environnement sain et durable. Pour cela, nous proposons l'implantation de jardinières et d'arbres via un empiétement sur certaines places de stationnement, et la mise en oeuvre d'une politique d'incitation au fleurissement des balcons avec des jardinières suspendues. Concrètement, nous proposons l'implantation d'entre 12 et 20 arbres / arbustes côté impair de la rue (côté où les places de stationnement sont présentes), avec parterres fleuris, dans des jardinières géantes intégrées à l'environnement urbain. Ces jardinières seraient placés sur la chaussée (afin de ne pas réduire l'espace piéton), entre certaines places de stationnement ou à la place de certaines d'entre elles. Certaines zones de livraison (qui sont surtout utilisées pour le stationnement) seraient réduites. Pour encourager un fleurissement des balcons en harmonie, nous proposons que la mairie choisisse un modèle de jardinière adapté aux balcons toulousains, et offre la possibilité d'un achat à prix réduits de chaque habitant de la rue, avec une proposition d'espèces de plantes à semer robuste et fleuri (ex: pelargonium de différentes couleurs, bruyère, lière...). L'objectif de ce projet est d'offrir de l'ombre dans une rue large passante, de la même façon que cela a été mené pour la rue de la Concorde toute proche. Ce projet permettrait d'impliquer à la fois la municipalité et les habitants de la rue. Dans un second temps, il pourrait d'autre part être envisagé de végétaliser certaines façade, notamment celles des bâtiments publiques tels que l'école Matabiau. La végétalisation de l'espace urbain permettrait une amélioration de la qualité de l'air, une diminution des ilots de chaleur et une amélioration de la qualité de vie des habitants du quartier.Modalités de réalisation - Avis technique :La végétalisation de la place Roquelaine est un projet en cours d'étude par la Collectivité. L’architecte des bâtiments de France souhaite l'aménagement d'une forêt urbaine intégrant une aire de jeu sur l’emprise complète de la place. L’enveloppe de ce type d’aménagement se situe aux environs de 500 000€ et ne peut rentrer dans le cadre de cet appel à projet.Concernant la rue Matabiau, afin de ne pas contraindre un éventuel projet d'aménagement futur de la rue, un système de jardinières peut être envisagé sur les places de stationnement. Ce type d'aménagement nécessitera un accompagnement de voirie car ces éléments pourraient constituer des obstacles sur chaussée et présenter un danger pour les cyclistes.",Nature en ville,200000,3 - Les Chalets / Bayard / Belfort / Saint Aubin / Dupuy,95,27,2940,3,Les Chalets / Bayard / Belfort / Saint Aubin / Dupuy,1.3,True,1
3,142,Voie verte pour aller à Pech David,"Le chemin des Oliviers dessert la zone verte de Pech David. Ce chemin à caractère rural est agréable mais malheureusement l'objet de dépôts sauvage et autre rodéos en quads. Ce n'est pas un axe primordiale de desserte car les habitations ne sont qu'en bas et accessible par le chemin de la Salade Ponsan. Il pourrait être transformé en voie verte avec début/fin au niveau des portiques de limitation de hauteur avec interdiction aux véhicules motorisés.Modalités de réalisation - Avis technique :Aménagement d’un chemin piéton sur le Chemin des Oliviers, mettant en valeur l’accès au cadre naturel et privilégié de la zone verte de Pech-David en privilégiant les modes de déplacements doux.  Si le projet est lauréat, cela permettrait de mettre en place un cheminement à caractère “tactique” ou “provisoire”, avant sa pérennisation.",Éco-mobilité,200000,13 - Rangueil / Sauzelong / Jules-Julien / Pech-David / Pouvourville,93,34,832,13,Rangueil / Sauzelong / Jules-Julien / Pech-David / Pouvourville,5.2,True,1
4,27,Végétalisation et convivialité du quartier Saint-Aubin,"Pour lutter contre les îlots de chaleur urbaine mais aussi pour rendre le quartier plus agréable, une solution simple est de végétaliser les rues et les espaces libres en retirant le bitume dès que possible. Dans le quartier, de nombreux espaces s’y prêtent. De nombreuses espèces végétales (arbres, arbustes et fleurs) sont adaptées à nos climats très secs en été. Voir, par exemple, les guides édités par le CEREMA, organisme national que Toulouse Métropole a d’ailleurs sollicité sur le sujet : https://www.cerema.fr/fr/actualites/accompagnement-toulouse-metropole-identifier-potentiel D’autre part, la débitumisation des sols est de loin préférable à la simple pose de jardinières car elle participe à la désimperméabilisation des sols. L’arrosage de ces espaces de pleine terre pourrait se faire en déviant partiellement les eaux pluviales. Cette végétalisation doit s’accompagner de l’installation de mobilier urbains (bancs, chaises, jeux pour les enfants) permettant aux habitants de se réapproprier leur quartier. Par exemple nous proposons : - Rue Riquet : débitumiser des places de parking (par exemple alterner 2-3 places végétalisées avec 4-5 places de stationnement). L’espace libéré sera planté d’arbres, d’arbustes ou de massifs floraux selon les contraintes liées aux réseaux souterrains. Un tel aménagement pourrait aussi très bien être fait rue Gabriel Péri. - Rue Riquet / sur la place Saint-Aubin où les trottoirs sont larges : remplacer les poteaux par une bande végétale de 80 cm de largeur. - Place Bachelier : cette place est grande et entièrement minérale. Il y a l’espace suffisant pour y installer des arbres mais aussi de grands massifs en pleine terre. Il serait également possible d’y installer des bancs, par exemple des bancs circulaires autour des arbres nouvellement plantés. Cette place pourrait devenir un îlot de fraîcheur. - Autour de l’église Saint-Aubin : installer des bancs sous l’ombre des arbres.Modalités de réalisation - Avis technique :Sur la place Saint-Aubin, la présence du marché contraint fortement toute implantation sur ces espaces. Une végétalisation supplémentaire parait complexe au vu des usages de cette place.De plus, la présence d’un parking souterrain au devant de l’église ne permet peu ou pas de plantation en pleine terre.Toutefois, une étude pour la mise en place de jardinières pour végétaliser les pergolas sur les entrées du parking est en cours.Concernant la rue Riquet, le projet de végétalisation doit être concerté à la rentrée de septembre avec les riverains et commerçants.Pour la place Bachelier, il est possible de planter des arbres, au nombre de 3.",Nature en ville,30000,3 - Les Chalets / Bayard / Belfort / Saint Aubin / Dupuy,94,54,2628,3,Les Chalets / Bayard / Belfort / Saint Aubin / Dupuy,1.3,True,1
5,26,Arborer la rue Raymond IV,"Constat : La Rue Raymond IV par son orientation nord-sud est un puit de chaleur qui sectionne le quartier dès le mois de juin jusqu'au mois d'octobre. Proposition : sur le modèle de deux rues parallèles qui l'entourent, la rue Bayard et la rue de la Concorde : végétaliser la rue par l'implantation d'arbres de chaque coté. Faisabilité : avec des trottoirs plus larges que la rue de la concorde, une telle implantation est tout à fait possible sans impact sur le stationnement. Avantages - créer une zone de fraicheur - répondre à la pollution causée par la gare de bus de Jeanne d'arc en absorbant l'excès de CO2 - Assurer une nouvelle maille verte entre les boulevards et le canal du midi - Répondre à l'objectif de 100 000 arbres de ToulouseModalités de réalisation - Avis technique :La possibilité de neutraliser quelques places de stationnement au profit d’espace végétalisés peut être envisagée. Sous réserve d'études de localisation des réseaux précises afin de déterminer le type de végétaux pouvant être plantés sur ces espaces.La rue Raymond IV dispose de nombreux stationnements situés de part et d’autre de la voie. Cette rue est entièrement minéralisée et exposée au soleil. La présence de réseaux a été relevée sous trottoirs et le réseau gaz est présent sous le stationnement situé côté pair.La création d'ilots végétalisés avec plantation d’arbres est donc possible sur le coté impair de la voie.",Nature en ville,200000,3 - Les Chalets / Bayard / Belfort / Saint Aubin / Dupuy,65,25,1412,3,Les Chalets / Bayard / Belfort / Saint Aubin / Dupuy,1.3,False,0
6,197,Installer une «tour-nichoir à hirondelles» dans une zone verte du cœur de quartier Lafourguette,"Plusieurs sources nous alertent sur la chute spectaculaire de la population d’hirondelles en deux décennies. Le réchauffement climatique perturbe sa migration, l’urbanisation et l’artificialisation des sols lui enlèvent les éléments naturels nécessaires à la construction de nids. Pourtant, les hirondelles sont un maillon essentiel de la biodiversité : elles peuvent manger jusqu’à 3 000 insectes par jour. Nous avons identifié deux initiatives en région Occitanie qui pourraient être reprises dans notre quartier à titre expérimental, avant d’être déployée dans d’autres quartiers de Toulouse.-	L’installation d’une « tour à hirondelles » à Auch, projet porté par le Groupe Ornithologique Gersois -	Un projet de composteurs-nichoirs pour oiseaux en ville porté par la Jeune Chambre Economique de Montpellier",Nature en ville,10000,14 - Saint-Simon / Lafourguette / Oncopole-Campus Santé du Futur,13,95,809,14,Saint-Simon / Lafourguette / Oncopole-Campus Santé du Futur,6.4,False,0
7,132,Lutte anti-moustiques,"Mise en place de pièges à moustiques dans le quartier du Pont des Demoiselles: Capture des moustiques par aspiration grâce à des bornes/pièges (obturateurs) made in France simulant l'odeur humaine. Système respectueux de l'environnement.Modalités de réalisation - Avis technique :Installation de trois bornes “anti-moustiques” au sein du quartier Pont des Demoiselles. Ces bornes combinent deux facteurs : 1) La diffusion lente de CO² 2) Les composés organiques volatiles. En plus de leur efficacité, ces bornes ont également l'avantage de respecter la biodiversité. Elles seront placées aux abords des équipements publics.",Nature en ville,7500,12 - Pont des Demoiselles / Ormeau / Montaudran / La Terrasse / Malepère,258,21,623,12,Pont des Demoiselles / Ormeau / Montaudran / La Terrasse / Malepère,5.1,True,1
8,78,Réhabiliter l’impasse des Minimes ,"L’Impasse Des Minimes située entre le boulevard de l’embouchure d’une part et l’avenue des Minimes d’autre part est laissée à l’abandon. Au niveau du boulevard de l’embouchure, le manque d’aménagements et d’entretien entraine les dépôts illicites quasi quotidiennement. Le manque d’aménagements encore entraîne le stationnement des véhicules (journée et nuit) malgré l’interdiction. Le manque d’entretien entraîne des nids de poules et les gravillons projetés par les voitures abîment les portes des rez de chaussée. L’impasse (côte avenue) n’est pas lavée et sert d’urinoir public, d’aire de pique nique avec les gènes que cela entraînent. Côté avenue des Minimes, les voitures stationnent devant l’entrée de l’impasse. Face à ces constats, compte tenu de la proximité immédiate de l’avenue des Minimes rénovée, du conseil départemental, compte tenu de la zone située dans le périmètre monument historique, compte tenu des incivilités récurrentes, Je propose de repenser cette impasse et de la rendre à sens unique. Je propose également de la végétaliser dans la mesure du possible. Bref l’embellir afin qu’elle ne soit pas une artère de seconde zone dans le quartier des Minimes. Tout cela peut se faire par étape en respectant l’enveloppe allouée.Modalités de réalisation - Avis technique :Une concertation est en cours avec les riverains pour une mise en sens unique et une double voie cyclable. Les aménagements définitifs avec végétalisation sont réalisables.",Cadre de vie,150000,8 - Minimes / Barrière de Paris / Ponts-Jumeaux / La Vache / Raisins / Fondeyre,23,34,1465,8,Minimes / Barrière de Paris / Ponts-Jumeaux / La Vache / Raisins / Fondeyre,3.1,False,0
9,122,Aire convivialité espace vert rue de l'Isére / rue de l'Invention,"Création d'une aire de convivialité dans l'espace vert situé au bas de la rue de l'Isère: tables, bancs, possibilité de pique-nique, quelques jeux d'enfants, table de ping-pong.Modalités de réalisation - Avis technique :Après analyse des services compétents cette idée est réalisable sous réserve d'un avis favorable des riverains. Il est possible d'installer du mobilier urbain de type tables de pique nique et bancs. La proposition d'installer une aire de jeux ne pourra pas être retenue compte tenu de la proximité immédiate de deux aires de jeux récemment rénovées (square Rougenet en 2020 et Grande Plaine qui sera livrée fin 2022). Enfin, les services alertent sur le risque de nuisances engendrées par la pose de mobilier urbain de ce type à proximité d'habitations.",Cadre de vie,75000,11 - Bonhoure / Guilheméry / Château de l'Hers / Limayrac / Côte Pavée,5,65,773,11,Bonhoure / Guilheméry / Château de l'Hers / Limayrac / Côte Pavée,4.3,False,0
10,149,Un jardin en mouvement le long de la voie ferrée et le rectorat,"Pour accroitre la connaissance des citadins dans le fonctionnement des écosystèmes urbains, des plantes, des insectes... pourrait-on investir dans de nouvelles plantations la bande verte le long du rectorat et de la voie SNCF ? Les nouvelles plantations seraient composée : - de plantes annuelles/bianuelles semées (bleuet, centaurée, vesces, lotus, viperine, hypericum, knautia, chicorée, senecon, - des arbustes plantés : sureau, arbousier, figuier, chevrefeuilles... - des arbres plantés, semés, bouturés... - des installations artistique : pièges à graines, tresse de branches, rondins en décompositionPour que cet espace n'apparaissent pas abandonnée l'entretien des services techniques resterait similaire en temps passé mais orienté vers une recherche de diversité d'habitats, de gîtes et couverts. Une expérience animée par des relevés floristiques et faunistiques par les agents de la ville. Cet espace pourrait également accueillir les plantations des écoliers du quartier. Cette bande fait 250x13m de large, une belle opportunité !Modalités de réalisation - Avis technique :Création d’un jardin en mouvement sur l’impasse de la Charbonnière, sur la bande végétale longeant la foie ferrée. Le concept de jardin en mouvement s’inspire du principe de la friche, où les moyens d’entretiens sont tenus au strict minimum. L’objectif est de laisser les végétaux évoluer par eux-mêmes, en faveur de la biodiversité urbaine. Le site en question pourrait accueillir une vingtaine d’arbres supplémentaires (dont des arbres fruitiers), des arbustes (à fleurs et petits fruits), ainsi qu’une prairie fleurie naturelle de 1 000 m². Des actions en faveur de la biodiversité et pédagogiques pourraient également y être menées (fauches tardives, tas de bois pour créer des refuges à insectes, plantations participatives avec les écoles du quartier …).",Nature en ville,11000,5 - Saint-Michel / Saint-Agne / Empalot / Le Busca / Ile du Ramier / Monplaisir,50,63,1845,5,Saint-Michel / Saint-Agne / Empalot / Le Busca / Ile du Ramier / Monplaisir,5.3,True,1
11,129,Zone de Street Workout - Parc de la boisseraie,"Pour favoriser la pratique sportive et l'entretien physique des habitants, il serait intéressant d'installer une zone de street workout (barres de tractions, échelles horizontales, barres parallèles, espaliers, barres de pompes ...) dans le parc de la boisseraie.Modalités de réalisation - Avis technique : Installation de mobilier sportif dans le parc de la Boisseraie.",Cadre de vie,20000,12 - Pont des Demoiselles / Ormeau / Montaudran / La Terrasse / Malepère,31,46,370,12,Pont des Demoiselles / Ormeau / Montaudran / La Terrasse / Malepère,5.1,False,0
12,77,Faire de la Place Amat Massot ... une place ECO-CITOYENNE conviviale !,"Transformer la place Amat Massot en un carré de verdure, ramener de la biodiversité végétale et animale, en (re)faire un lieu de vie et de rencontre pour les habitants du quartier, tels sont les objectifs de notre projet ! Aujourd’hui, la place Amat Massot manque d’entretien. Elle est principalement source de stationnement sauvage, le sol et le mobilier (quelques bancs) sont vétustes, et elle est régulièrement envahie de déchets et de déjections canines, ce qui rend cet espace peu agréable, sous utilisé et squatté. Or, de par son emplacement (à proximité collège, lycée, clinique, EHPAD, future ligne de métro) et aux arbres déjà plantés, elle présente un fort potentiel et ne demande qu’à être valorisée !Notre proposition:1. Réhabiliter la place
Réhabiliter les sols en stabilisé (non goudronné, non gazonné)
Remplacer et compléter le mobilier
Mettre en place un distributeur de sacs à déjections canines (des poubelles sont déjà à disposition)
Délimiter la place et lutter contre le stationnement sauvage par la pose de bacs et de poteaux végétalisés
Intégrer des racks à vélos
2. Ramener de la biodiversité végétale et animale
Créer des massifs en mixant les essences et les variétés des plantations pour assurer la biodiversité
Installer des maisons à oiseaux, notamment pour les mésanges, ce qui permettra de lutter contre les moustiques
Intégrer un hôtel à insectes qui serait construit lors d’un atelier mené par le Collectif (projet déjà mené par des membres du collectif dans une école du quartier)
Mettre en place une habitation pour les hérissons, très présents dans le quartier
3. Recréer un lieu de vie et de rencontre intergénérationnelle
Intégrer quelques carrés potagers que le Collectif s’engage à maintenir au travers d’atelier jardinage
Placer une boite à lire
Prévoir une table d’échec
Si la mairie l’autorise et confirme la faisabilité, proposition de customiser des bancs avec de la mosaïque sur le thème de la nature
Nous nous tenons à votre disposition pour vous présenter plus en détail le projet, et notamment partager avec vous une ébauche de maquette !Modalités de réalisation - Avis technique :Une étude peut être réalisée par les services municipaux et métropolitains compétents pour transformer cet espace en un square de proximité en créant des espaces de rencontres entre voisins et en affirmant son caractère végétal. Une concertation serait alors lancée avec le porteur de l'idée, les associations de quartier et les habitants du quartier concernés.",Nature en ville,200000,8 - Minimes / Barrière de Paris / Ponts-Jumeaux / La Vache / Raisins / Fondeyre,145,70,2491,8,Minimes / Barrière de Paris / Ponts-Jumeaux / La Vache / Raisins / Fondeyre,3.1,True,1
13,82,Prévoir des pistes cyclables sécurisées pour relier le quartier des Sept-Deniers à Ginestous,"Actuellement pour faire la jonction il n'y a rien, si ce n'est que de passer sur la route qui est très empruntée par de nombreuses voitures, poids lourds. Les jeunes qui vont grimper à la salle de Sport Block'out doivent passer par deux ronds points appelés Lublin-Lebrère puis Degon. C'est très dangereux! Un rond-point par définition est très dangereux pour un cycliste!Modalités de réalisation - Avis technique :La mise en place du maillage devra se faire par étape pour ne pas dépasser dans le long terme les 200 000 euros. Quelques sections pourront être réalisées dans le cadre de ""Mes idées pour mon Quartier"".",Éco-mobilité,200000,7 - Sept Deniers / Ginestous-Sesquières / Lalande,36,92,617,7,Sept Deniers / Ginestous-Sesquières / Lalande,3.2,True,1
14,45,Libérer les pieds des arbres avenue de Muret et route d'Espagne,"Sur la section de l'avenue de Muret entre la place de la Croix de Pierre et le Rond point du 21 septembre. - délimiter partout où c'est possible des espaces à végétaliser autour des arbres (2mx2m par exemple) en retirant le goudron et créant des zones délimitées par des petits marquages en bois (+/- 20 cm de haut). Proposition de graines par les services de la Mairie et liberté aux riverains de planter des plantes d'ornement ou autres. Sur la section route d'Espagne entre le rond point du 21 septembre et la rocade: - supprimer la couverture goudronnée entre les arbres du terre-plein central.Modalités de réalisation - Avis technique :Végétalisation des terre-pleins centraux les plus larges sur la route d’Espagne afin de réduire les zones bétonnées sur cet axe et lutter contre les îlots de chaleur. Cependant, de nombreuses contraintes ne permettent qu’un aménagement modéré (présence de réseaux, présence de platanes avec racines et risque de propagation du chancre coloré, capacité d’entretien réduite). Concernant la végétalisation de l’avenue de Muret, cette piste a été étudiée dans la proposition 1450 : ""Végétaliser Croix de Pierre""",Nature en ville,192000,15 - Croix de Pierre / Route d'Espagne,29,63,1148,15,Croix de Pierre / Route d'Espagne,2.2,False,0
15,181,Aménagement voie accès Ecole maternelle Victor Hugo,"Localisation: le passage entre rue Georges Rouault et imp. François Foulquier. Cette voie est impraticable dès qu’il pleut ce qui rend l’accès à l’école maternelle Victor Hugo, espaces petite enfance et plus loins l’école élémentaire Victor Hugo compliqué pour les enfants et les parents. Souvent inondé l’eau stagne dans cette zone jusqu’à évaporation.Modalités de réalisation - Avis technique :La reprise du cheminement existant est possible, avec la réalisation préalable d’un relevé topographique pour résoudre les problèmes d’altimétrie engendrant des flaques d’eau.Le projet consiste à mettre en place un revêtement pérenne type enrobé ou béton.",Cadre de vie,30000,17 - Mirail-Université / Reynerie / Bellefontaine,2,51,651,17,Mirail-Université / Reynerie / Bellefontaine,6.3,False,0
16,95,Végétalisation des murs extérieurs de l'école du Grand Selve,"Les murs de cette école neuve sont en béton brut d'aspect très austère, genre enceinte d'une prison, et ils emmagasinent la chaleur. Une misérable plate bande de végétation basse (déjà envahie par les mauvaises herbes ), les sépare de la voie publique. Nous proposons d'habiller ces murs de plantes grimpantes adaptées en fonction de l'exposition et, la où ce n'est pas possible, (au droit des ouvertures) de réaliser des plantations de 4ème grandeur (5 m maxi) cela permettra aussi de prévenir les tags et autres graffitis ... Prévoir aussi des gites pour les oiseaux cavernicoles et les chauve-souris Cet aménagement concerne en particulier l'allée de grand selve, la rue Simone Henry et la rue Flora TristanModalités de réalisation - Avis technique :L'idée est réalisable avec des adaptations. Il s'agirait de planter des sujets de plus grandes tailles au droit du mur de l'école mais pas de plantes grimpantes qui nécessitent un entretien trop important, et donc une augmentation des coûts de fonctionnement.",Nature en ville,30000,9 - Trois Cocus / Borderouge / Croix-Daurade / Paléficat / Grand Selve,10,60,1012,9,Trois Cocus / Borderouge / Croix-Daurade / Paléficat / Grand Selve,3.3,False,0
17,43,Piste cyclable à double sens route d'Espagne,"Une petite portion de la route d'Espagne (devant le château de Gounon) est empruntée dans les deux sens par les cyclistes qui doivent passer sur le trottoir avant de rejoindre la contre-allée. Il est possible d'installer une piste cyclable au niveau de la pelouse, derrière l'arrêt de bus Barrière de Muret, pour éviter que les autres usagers soient gênés.Modalités de réalisation - Avis technique :Création d'une piste cyclable bidirectionnelle derrière l’arrêt de bus et deux traversées sur la route d’Espagne afin que les cyclistes puissent rejoindre les aménagements cyclables existants, et notamment en provenance de la rue Barbusse.",Éco-mobilité,60000,15 - Croix de Pierre / Route d'Espagne,52,44,638,15,Croix de Pierre / Route d'Espagne,2.2,True,1
18,137, Installation d’un parcours de santé au quartier Montaudran vers la Halle de la Machine,"Envie de garder la forme ou se remettre au sport ? il nous manque que ça dans notre quartier 😊 Pour garder la forme, il n’est pas forcément nécessaire de dépenser de l’argent ! je propose à la maire d’installer un parcours de sante dans ce quartier qui commence à se développer et à bouger :D Pratiquer une activité physique et sportive gratuitement, librement, simplement et selon votre niveau ; le parcours de santé est un accès libre-service dont on pourra aller dès qu’on a petit créneau dans notre vie quotidienne et notre routine cela permettra de se dépenser en plein air sans alléger son porte-monnaie.Modalités de réalisation - Avis technique : En complément de la végétalisation de la Piste des Géants, il est proposé l'aménagement d'espaces de jeux, de détente et de sport. Si l'idée est lauréate du vote, le choix de ces aménagements fera l'objet d'une concertation entre les habitants du quartier Montaudran et les services de la collectivité.",Cadre de vie,150000,12 - Pont des Demoiselles / Ormeau / Montaudran / La Terrasse / Malepère,76,87,956,12,Pont des Demoiselles / Ormeau / Montaudran / La Terrasse / Malepère,5.1,False,0
19,97,Création d'un terrain de cécifoot (foot pour non-voyants à Borderouge),"Il serait bien de créer un terrain de cécifoot dans cette belle ville rose qui n'en compte pas pour le moment. Cela permettrait aux personnes aveugles aimant le foot de pouvoir pratiquer leur sport favoris dans des conditions de sécurités optimales et en toute autonomie. L'initiative serait très intéressante parce que ça serait l'un des seuls terrains de cécifoot en France.Modalités de réalisation - Avis technique :Un terrain de cécifoot peut être assimilé a un city stade. Coût estimé de 120 000 à 150 000 euros. Il peut être équipé de parois gonflables pour éviter tout risque de blessure. Si le projet est retenu lors du vote, une concertation serait alors organisée avec le porteur de projet et les habitants du quartier pour sélectionner un site d'implantation.",Cadre de vie,150000,9 - Trois Cocus / Borderouge / Croix-Daurade / Paléficat / Grand Selve,16,70,770,9,Trois Cocus / Borderouge / Croix-Daurade / Paléficat / Grand Selve,3.3,False,0
20,107,Piste cyclabe chemin Lapujade partie manquante,Il serait plus sécurisant (notamment avec les travaux sur le faubourg Bonnefoy et la deviation des véhicules) de créer une piste cyclabe sur la partie manquante du chemin Lapujade. C'est à dire de la rue Paul Pujos jusqu'au rond point d'Afrique. Le chemin Lapujade (de l'Intermarché jusqu'au chemin de Lanusse) mérite d'etre refaire suite aux différents travaux qu'il y a eu.Modalités de réalisation - Avis technique :La création d'une piste cyclable n'est pas envisageable sur le chemin Lapujade puisqu'il faudrait mettre le chemin à sens unique ce qui n'est pas envisageable avant la fin des travaux du métro (2028). Il est donc proposé de réaliser un aménagement tactique à savoir une Chaussée à Voie Centrale Banalisée qui permettra de sécuriser les cyclistes empruntant le chemin dans l'attente de la réalisation d'un aménagement pérenne.,Éco-mobilité,40000,4 - Lapujade / Bonnefoy / Périole / Marengo / La Colonne,30,46,843,4,Lapujade / Bonnefoy / Périole / Marengo / La Colonne,4.1,True,1
21,99,L'ornemental fruitier,"Cette idée a été transmise via un formulaire papier par molac26. Au lieu de planter des arbres ornementaux, plantons des arbres fruitiers à récolter par les écoliers pour les cantines scolaires et des associations volontaires. Avantages : fruit bio pour les cantines / découverte des fruits par les enfants / Baisse du coût des cantines / Alimentation locale Inconvénients : planter des arbres fruitiersModalités de réalisation - Avis technique :Idée réalisable au sein du complexe sportif du stade Cazal avec une trentaine d'arbres fruitiers.Cet espace est en accès libre et pourra être utilisé par les gens du quartier sous réserve du respect des arbres.",Nature en ville,1500,9 - Trois Cocus / Borderouge / Croix-Daurade / Paléficat / Grand Selve,29,21,656,9,Trois Cocus / Borderouge / Croix-Daurade / Paléficat / Grand Selve,3.3,True,1
22,170,Sécuriser le passage du pont de la Cépière pour les cyclistes,"Dans le prolongement de l’aménagement de voies bus+vélo route de Saint Simon des Arènes à la Cépière, créer une voie vélo sécurisée pour traverser le pont et rejoindre le rond point de la Cépière puis le lycée Polyvalent Rive Gauche.Modalités de réalisation - avis technique :Cette demande sera intégrée au projet d’aménagement de l’avenue de Bazerque, prévue du rond-point St Sauveur au rond-point de la Cépière, et sera étendu jusqu’au franchissement du périphérique.",Éco-mobilité,200000,18 - Lardenne / Pradettes / Basso-Cambo,64,61,469,18,Lardenne / Pradettes / Basso-Cambo,6.2,False,0
23,106,Piste cyclable et sens unique rue de Périole ,"Création d'une piste cyclable sur la rue de Périole pour sécuriser les déplacements vers les écoles Marengo et Bonnefoy notamment. La rue est particulièrement fréquentée et dangereuse à cause de la vitesse excessive des automobilistes. La rue ne permettant pas d'aménager une piste cyclable en l'état, pourquoi ne pas créer un sens unique sur la partie rond-point de Périole/rue des Cheminots jusqu'à l'avenue de Lavaur ? Cela permettrait également d'élargir les trottoirs qui sont trop étroits sur cette section.Modalités de réalisation - Avis technique :Les travaux sur le Faubourg Bonnefoy dans le cadre de la construction de la 3e ligne de métro ne permettent pas le passage à sens unique de la rue de Périole. En conséquence, il n’est pas envisageable de créer une piste cyclable sur cet axe avant 2028. Pour autant, cet axe est très emprunté par les cyclistes et il est opportun de le sécuriser. En conséquence, un projet d’urbanisme tactique est envisagé. Il est possible de créer une Chaussée à Voie Centrale Banalisée (CVCB) en attendant la mise en sens unique de la rue et l’aménagement pérenne.",Éco-mobilité,50000,4 - Lapujade / Bonnefoy / Périole / Marengo / La Colonne,67,45,1105,4,Lapujade / Bonnefoy / Périole / Marengo / La Colonne,4.1,True,1
24,101,Végétaliser les abords des écoles Marengo-Périole,"Il serait intéressant d'étudier la possibilité de végétaliser les abords des écoles Marengo-Périole (élémentaire et maternelle). Notamment le chemin d'accès qui part de la rue Périole et dessert les 2 écoles, la cantine et même le collège. L'aménagement de murs végétalisés pourrait être étudié, de même que l'aménagement du talus entre l'école et la cantine. Plusieurs options pourraient être envisagées, en concertation entre les écoles, les parents d'élève et les habitants du quartier. Certains projets pourraient impliquer la participation des enfants.Modalités de réalisation - Avis technique :Il est possible de planter 6 à 10 arbres selon présence des réseaux (3 arbres dans le massif de la rue du Maréchal Gallieni + 3 arbres dans le massif à proximité de la cantine dans le groupe scolaire + 2 ou 3 arbres sur le talus de la rue de Périole.)La création de murs végétalisés est possible techniquement mais très onéreuse.",Nature en ville,160000,4 - Lapujade / Bonnefoy / Périole / Marengo / La Colonne,20,49,929,4,Lapujade / Bonnefoy / Périole / Marengo / La Colonne,4.1,True,1
25,159,Aménagement d'une halle place Bertier,"Installer une halle sur la place Bertier, quartier de Saint-Martin-du-Touch, au niveau de la sculpture « Demain ». Structure bois ouverte avec couverture en tuiles. Cette halle, que l’on retrouve fréquemment dans les centres ville, aura comme objectif de permettre un lieu de rencontre et d’échanges, mais aussi de permettre à des producteurs locaux de venir vendre leur production ou d’organiser un marché de seconde main ou à des animations de pouvoir s’y tenir. Cela répond au point 3 de l’axe 4 du PCAET.Modalités de réalisation - Avis technique :Une étude avec sondage de sol devra être réalisée pour confirmer l’aménagement de cette opération et son coût définitif. La place Bertier fait, par ailleurs, l’objet d’une démarche d’amélioration de la qualité du cadre de vie baptisée « Coeur de quartier ». Cette démarche inclura au projet de Halle une phase de concertation avec les habitants et les usagers de l’espace public.",Consommation responsable,170000,20 - Arènes Romaines / Ancely / Saint-Martin du Touch / Purpan,25,37,930,20,Arènes Romaines / Ancely / Saint-Martin du Touch / Purpan,6.1,False,0
26,133,Fresque murale retraçant l'histoire de Montaudran ,"Fresque Murale retraçant l'histoire de Montaudran (l'aéropostale, le spatiale, les usines Latécoère...) sous le nouveau pont de la gare de Montaudran.Modalités de réalisation - Avis technique : Création d’une fresque murale sur le mur d’une trémie à Montaudran. Une fresque évoquant l’histoire de Montaudran, située sous la trémie près de l’Envol des Pionniers, est déjà en passe d’être réalisée. Par conséquent, la Ville de Toulouse trouvera un site alternatif, toujours dans le quartier Montaudran. Le sujet ainsi que la localisation et l’envergure de l’œuvre sera défini plus précisément par une commission composée d’élus municipaux et du ou des artiste(s) sélectionné(s) par la collectivité pour la réalisation.",Cadre de vie,60000,12 - Pont des Demoiselles / Ormeau / Montaudran / La Terrasse / Malepère,15,50,716,12,Pont des Demoiselles / Ormeau / Montaudran / La Terrasse / Malepère,5.1,False,0
27,50,Des ralentisseurs boulevard Déodat de Séverac pour plus de sécurité et de quiétude,"Même si le boulevard reste très bien aménagé avec une partie réservée piétons/cyclistes, il n'en est pas moins très fréquenté avec le lycée et les habitations autour, et un moyen de ralentir les voitures permettrait d'améliorer la quiétude et la sécurité des nombreux piétons/cyclistes qui l'empruntent chaque jour. Je propose de positionner des ralentisseurs, notamment en face du lycée Déodat de Séverac, afin d'éviter que les automobilistes roulent au delà de 50km/h.Modalités de réalisation - Avis technique :Mise en place de coussins ralentisseurs sur le boulevard Déodat de Séverac (face au lycée) afin de réduire la vitesse des véhicules.",Éco-mobilité,15000,15 - Croix de Pierre / Route d'Espagne,2,82,645,15,Croix de Pierre / Route d'Espagne,2.2,False,0
28,4,Uritrottoir en plus,"Même si c'est déplorable de devoir installer des urinoirs en pleine ville pour retrouver une certaine hygiène collective, cela fonctionne bien à Saint Pierre et à la Daurade. Je vous propose donc d'étendre l'initiative rue de la Bastide. En effet, la rue est devenue un urinoir à ciel ouvert, à tout heures de la journée. C'est déplorable pour ceux qui y habitent mais aussi pour ceux qui y passent simplement. Il y a la place pour en mettre un.Modalités de réalisation - Avis technique :Suite à de nombreuses demandes émises par les riverains du secteur, un uritrottoir a été implanté au 3 rue de la Bastide. Il est en fonctionnement depuis le 24 mai 2022.Il est cependant possible d'en installer d'autres dans les rues avoisinantes (secteur place Saint-Pierre).NB: coût de fonctionnement (vidange et entretien): 6 000 €/an.Coût d'achat: 7 000 €",Cadre de vie,14000,1 - Capitole / Arnaud Bernard / Carmes,36,19,846,1,Capitole / Arnaud Bernard / Carmes,1.1,False,0
29,140,Faire des stationnements matérialisés avenue des coteaux ,"Les véhicules stationnant avenue des coteaux ne respectent pas le stationnement alterné, et sont garés des 2 côtés de la rue. La circulation est alors très ralentie, et ne sachant pas quel côté est prioritaire selon la quinzaine du mois, il est difficile de fluidifier la circulation car on ne sait pas qui est prioritaire par rapport au véhicule d’en face. Il me semble que si cette rue bénéficiait de stationnement matérialisé, en alternance par exemple, nous aurions une circulation automobile plus respectueuse et fluide. C’est particulièrement frappant pour l’avenue des coteaux, mais cela vaut pour beaucoup de rue résidentielles du quartier (avenue des pivoines, edelweiss,…). Cela permettrait peut être aussi de désengorger le feu au croisement de la route de Narbonne notamment le matin, pour permettre aux véhicules tournant à droite de ne pas s’accumuler dans la queue de véhicule tournant vers le périphérique.Modalités de réalisation - Avis technique :Réfection de la couche de roulement sur l’Avenue des Côteaux.  Cela permettrait, en outre, de matérialiser le stationnement au sol sur l’Avenue des Côteaux pour inciter les usagers à respecter le stationnement alterné, lutter contre les stationnements abusifs et désengorger le passage à feux au croisement avec la Route de Narbonne.  Enfin, une bande cyclable pourrait être également matérialisée sur l’Avenue des Côteaux pour maintenir une continuité cyclable entre la Route de Narbonne et le Chemin de la Salade Ponsan.",Cadre de vie,115000,13 - Rangueil / Sauzelong / Jules-Julien / Pech-David / Pouvourville,11,57,1487,13,Rangueil / Sauzelong / Jules-Julien / Pech-David / Pouvourville,5.2,False,0
30,5,Végétalisation de la place du Capitole,"Pour donner encore plus de majesté à ce lieu emblématique de la ville rose, cette place pourrait être entourée de verdure : plantation d'arbres, bacs...Modalités de réalisation - Avis technique :L’aménagement de la place du Capitole est limité en raison d'un certain nombre de contraintes :- présence d’un parking souterrain sur une grande partie de la place ne permettant pas de plantations en pleine terre, - une situation en secteur sauvegardé et donc avis conforme préalable de l’Architecte des Bâtiments de France,- nombreuses manifestations et usages sur la place nécessitant de maintenir une surface libre de tout obstacle.Il est cependant possible de déployer des jardinières carrées de 1m50/1m50 ou de 2m/2 m en acier de type ""Corten"" permettant la plantation d’arbres. Ces jardinières pourraient être implantées le long de la façade du capitole pour souligner le rythme de cet édifice. Des compléments de part et d’autres de la place sont aussi envisageables.",Nature en ville,200000,1 - Capitole / Arnaud Bernard / Carmes,358,38,969,1,Capitole / Arnaud Bernard / Carmes,1.1,True,1
31,104,Piste cyclable chemin Caillibens ,"Le chemin de Caillibens est l'unique moyen de couper au travers du cimetière pour relier l'avenue de la gloire et jolimont. Il est emprunté quotidiennement par de nombreux parents déposant leurs enfants à l'école de la gloire et à la crèche Jolimont. Ce chemin à double sens est étroit, les voitures y circulent vite. Cela met les cyclistes en danger. Ma proposition est d'établir une circulation à sens unique et d'utiliser la voie ainsi libérée pour installer une piste cyclable à double sens. Les cyclistes seront alors en sécurité. Les automobilistes dans le sens interdit pourront être redirigés sur le boulevard des crêtes.Modalités de réalisation - Avis technique : 
Il n'est pas envisageable de créer une piste cyclable mais il est possible de réaliser un aménagement tactique de type Chaussée à Voie Centrale Banalisée qui permettra de sécuriser les cyclistes.",Éco-mobilité,50000,4 - Lapujade / Bonnefoy / Périole / Marengo / La Colonne,9,33,869,4,Lapujade / Bonnefoy / Périole / Marengo / La Colonne,4.1,False,0
32,135,"Restructuration ""verte"" de la place Roger Arnaud ","Profiter du financement de cet appel à idée pour amorcer la réflexion avec TM, et un bureau d’études si nécessaire, sur une restructuration complète de la place Roger Arnaud en partie sacrifiée aujourd'hui au stationnement. Notre Association, après des relevés détaillés du fonctionnement de ce lieu (comportements des habitants, trafics piétons, vélos, voitures et stationnement), a conclu à la possibilité d’une restructuration de ce lieu emblématique pour le cœur de quartier ""Pont des Demoiselles"". Celle-ci conduirait à : - Créer un grand square vert en lieu et place du parking actuel. - Simplifier l’organisation des flux cyclistes et automobiles en supprimant en particulier les entrecroisements des différents trafics dans l’entonnoir qui se situe entre la place et l’avenue Saint-Exupéry. - Faciliter et sécuriser les déplacements à vélos et trottinettes nombreux à emprunter ce passage obligé entre la partie nord du quartier, les établissements scolaires, la piste du canal du midi et au-delà le centre ville ou le campus universitaire. - Offrir aux piétons un site confortable et agréable à traverser vers et depuis la rue Pradal qui les conduira jusqu’à la station Jean Rieux de la ligne de métro TAE et dont les sections de trottoirs les plus étroites devraient être élargies d’ici 2028. - Maintenir une offre de stationnement le long des voies réorganisées pour satisfaire aux besoins des commerces et services du cœur de quartier, la gérer par une règlementation stimulant un bonne rotation d’usage. Si les financements associés à l’appel à idée le permettaient, pourquoi ne pas entamer une partie des travaux ou actions relatives à cette restructuration qui nous parait indispensable à moyen terme et ramènerait, sous les platanes, du «vert », des jeux d’enfants, pourquoi pas un marché de plein vent au cœur du quartier, etc.Modalités de réalisations - Avis technique :La place Roger Arnaud fait partie du périmètre d'une opération Cœur de quartier de Toulouse Métropole. Il est proposé de renforcer le volet dédié à la végétalisation de la place Arnaud, en complément du projet Cœur de quartier en cours d'études, visant à requalifier les espaces publics.",Nature en ville,200000,12 - Pont des Demoiselles / Ormeau / Montaudran / La Terrasse / Malepère,112,49,2175,12,Pont des Demoiselles / Ormeau / Montaudran / La Terrasse / Malepère,5.1,True,1
33,190,Bornes publiques de recharge électrique,"Installer un point de bornes de recharge électrique à Saint-Simon. Le quartier se développe, avec de plus en plus de résidences pas toutes équipées de bornes de recharge, en particulier les plus anciennes. Le développement de la voiture électrique et de la zone ZFE peut difficilement se faire sans des équipements collectifs au service de tous et qui peuvent être moteur dans la transition énergétique. Il existe aussi des lampadaires intégrant une borne de recharge, des expérimentations sont en cours en France, pourquoi pas à Toulouse et en particulier à Saint-Simon ?Modalités de réalisation - Avis technique :L’essor de nouveaux véhicules électriques et l’engouement des usagers pour la mobilité électrique imposent à Toulouse Métropole de poursuivre sa stratégie de déploiement des infrastructures de recharge dans une logique de cohérence et d'équité du territoire. A l’automne 2022, plus de 360 points de charge/places de stationnement dédiées à la recharge de véhicules (180 bornes de recharge) seront déployées, dont près d’un tiers de charge rapide ou ultra-rapide. L’ensemble des éléments sont disponibles sur toulouse-metropole.frUne station de recharge composée de 1 borne de recharge normale pourra être déployée par Toulouse Métropole au titre de son réseau de recharge Révéo dans le quartier Saint-Simon sur l’espace public, selon un emplacement à définir.",Éco-mobilité,10500,14 - Saint-Simon / Lafourguette / Oncopole-Campus Santé du Futur,7,39,1374,14,Saint-Simon / Lafourguette / Oncopole-Campus Santé du Futur,6.4,False,0
34,36,Facilliter la traversée des allées Charles de Fitte,"La traversée des allées Charles de Fitte au niveau de la rue Marthe Varsi est compliquée pour les cyclistes dans le sens Jardin Raymond VI ---> place du Ravelin. En effet, le feu vert piétons et cyclistes est simultané au feu vert pour les voitures qui arrivent de la rue Varsi, les cyclistes se retrouvent à gauche de la rue alors qu'ils devront circuler à droite vers la place du Ravelin. Certaines voitures tournant à gauche vers le pont des Catalans laissent passer les cyclistes, d'autres ne le font pas. Le transfert du passage piétons et cyclistes de l'autre côté du croisement soit à peu près en face de la boutique Emmaus serait plus rationnel, les voitures qui arrivent de la rue Varsi seraient dans l'obligation de laisser passer les piétons et les cyclistes. D'autre part, les plaques de la rue Marthe Varsi pourraient être modifiées pour indiquer ""conseillère municipale"" au lieu de ""conseiller municipal"".Modalités de réalisation - Avis technique :Ce projet consiste à faciliter la traversée des piétons et des cyclistes depuis le jardin Raymond VI vers la place du Ravelin en décalant la traversée piétonne et en déplaçant les feux tricolores piétons. Afin de réaliser cet aménagement, la station vélo toulouse sera déplacée de quelques mètres.",Éco-mobilité,80000,6 - Saint-Cyprien,52,51,1259,6,Saint-Cyprien,2.1,False,0
35,162,Vive l'énergie solaire sur les toits des bâtiments publics !,"Place aux énergies renouvelables ! Je propose l'installation de panneaux solaires sur toutes les surfaces disponibles des bâtiments publics (écoles, gymnases, mairies de quartier) pour alimenter ces bâtiments, l'éclairage public et voire plus. Rentabilité assurée à long terme. C'est ce qu'on appelle du développement durable !Modalités de réalisation - Avis technique :La solarisation des bâtiments publics est une des missions premières de Toulouse Métropole et du service AOEN de la Direction Énergie et Environnement, afin d’atteindre les objectifs du Schéma Directeur des Énergies. Le groupe scolaire Littré, qui est dans le quartier 6.1 possède déjà une installation photovoltaïque et le groupe scolaire Fleurance est en cours d’étude.Trois sites potentiellement favorables à la production d’énergie ont été identifiés sur le quartier : 
la mairie de Quartier et son parking, une production de 84 kWc pour un investissement d’environ 135 000 €HT
l’église St Martin du Touch, une production de 19 kWc pour un investissement d’environ 30 000 €HT
le gymnase St Martin du Touch, pour un investissement d’environ 175 000 €HT
Une étude de structure des toitures devra être réalisée, ainsi, qu’au cas par cas, un renforcement afin de supporter les panneaux solaires.",Énergie,180000,20 - Arènes Romaines / Ancely / Saint-Martin du Touch / Purpan,90,60,1265,20,Arènes Romaines / Ancely / Saint-Martin du Touch / Purpan,6.1,True,1
36,123,Zone de Street Workout - Jardin Pierre Larousse,"Pour favoriser la pratique sportive et l'entretien physique des habitants, il serait intéressant d'installer une zone de street workout (barres de tractions, échelles horizontales, barres parallèles, espaliers, barres de pompes ...) dans le jardin Pierre Larousse.Modalités de réalisation - Avis technique :Il est possible d'installer une zone de street work out dans le jardin Pierre Larousse.",Cadre de vie,20000,11 - Bonhoure / Guilheméry / Château de l'Hers / Limayrac / Côte Pavée,6,47,394,11,Bonhoure / Guilheméry / Château de l'Hers / Limayrac / Côte Pavée,4.3,False,0
37,105,Insectes et oiseaux dans la ville,"Bonjour, On parle beaucoup d'espaces verts, de plantation, d'arbres, d'eau, .... pour lutter contre le réchauffement climatique. On ne peut parler que de cela, il y a aussi une vie autour de ces éléments. Dans le secteur 4.1, comme dans le reste de la ville/métropole il y a des espaces verts privés ou publics qui peuvent être aménagés pour faciliter la vie des oiseaux, des chauves-souris, des insectes, en particulier les abeilles. Dans le secteur 4.1 nous avons les jardins Lapujade, de l'observatoire, des hauts de Bonnefoy, Rous, Méricant, Michelet avec son bassin qu'il faut garder, les cimetières de Terre Cabade et de Salonique, entre autres ceux que j'ai oubliés. Il y a des espaces verts qui ne sont pas des jardins publics mais qui peuvent entrer dans le processus. Chaque espèce ayant sa propre spécificité, les oiseaux relâchant quelques graines par-ci par-là, les abeilles butinant les fleurs, les chauves-souris s'occupant des moustiques (entre autres), il serait bon de leur faciliter la vie. Mon idée est d'équiper ces espaces verts de nichoirs, de batbox, hôtel à insectes, de ruches et de point d'eau, pour que cette faune puisse se développer et que les humains puissent côtoyer une vie animale plus sauvage que nos animaux domestiques. Le coût dérisoire de ces actions par rapport à d'autres propositions, toutes aussi intéressante, mais plus couteuse et localiser, peut être étendue à l'ensemble de la métropole. Le quartier 4.1 peut servir de zone d'essai de cette implantation massive, puis être étendu.Modalités de réalisation - Avis technique :Il est possible d’équiper certains espaces verts du quartier (Hauts de Bonnefoy, Pierre Rous Observatoire, Michelet) en nichoirs à oiseaux et hôtels à insectes. Concernant les ruches, cela dépend de la localisation exacte car la pose de ruche est règlementée par un arrêté préfectoral fixant des règles strictes (distances à respecter entre la ruche et les habitations). Il est impossible de mettre des points d'eau supplémentaires compte tenu du risque de prolifération des moustiques. Concernant les nichoirs à chauve souris la Direction de l'Animal dans la Ville est réservée sur l'efficacité puisque les chauves souris ont une activité crépusculaire voire nocturne alors que les moustiques tigres piquent particulièrement en journée. les solutions telles que les pièges pondoirs sont plus efficaces dans la lutte contre le moustique tigre. Si cette idée est lauréate, des nichoirs à oiseaux et des hôtels à insectes seront installés dans quatre parcs du quartier (24 nichoirs), des pièges pondoirs seront installés pour lutter contre la prolifération de moustiques.",Nature en ville,5320,4 - Lapujade / Bonnefoy / Périole / Marengo / La Colonne,48,33,2640,4,Lapujade / Bonnefoy / Périole / Marengo / La Colonne,4.1,True,1
38,172,Amélioration pistes cyclables,"Les pistes cyclables existantes sont parfois difficiles à utiliser (piste dédiée puis passage sur un trottoir haut, pas large, à partager avec piétons, entretien haies en bordure de pistes et/ou trottoirs, marquage au sol pas toujours présent...). Revoir le marquage, la signalétique pour plus de sécurité vélos et automobilistes.Modalités de réalisation - Avis technique :Un diagnostic des problématiques rencontrées dans ce quartier peut être réalisé avec les habitants afin d’identifier précisément les interventions à mener et établir un plan d’action.",Éco-mobilité,100000,18 - Lardenne / Pradettes / Basso-Cambo,88,29,556,18,Lardenne / Pradettes / Basso-Cambo,6.2,True,1
39,55,La Gironde conviviale et sportive (aménagement du parc du Couserans),"Le parc du Couserans, appelé par les habitants la Gironde, est un lieu de vie central du quartier. Pour autant, il est dépourvu d'équipements facilitant les rencontres et les événements. Ainsi, les habitants sont en demande d'équipements favorisant la vie du quartier tels que des barbecues, tables de pique-nique et tables de jeux (dames et échecs). De telles installations offriraient la possibilité de mettre en place des temps fédérateurs et conviviaux. Dans la poursuite de cet objectif, les usagers de la salle de sport Vestrepain - véritable lieu de lien social et de bien-être - souhaiteraient que celle-ci soit rénovée et rééquipée afin de pouvoir mettre en place des ateliers autour de la pratique sportive.Modalités de réalisation - Avis technique :Aménagement du parc de la Gironde via l’implantation d’une table de ping-pong, un barbecue et une table échiquier. Concernant la salle de sport Vestrepain, il s’agit d’une salle privée et non municipale, donc cette partie de l’idée a été écartée.",Cadre de vie,26000,16 - Fontaine-Lestang / Arènes / Bagatelle / Papus / Tabar / Bordelongue / Mermoz / La Faourette,3,68,1006,16,Fontaine-Lestang / Arènes / Bagatelle / Papus / Tabar / Bordelongue / Mermoz / La Faourette,2.3,False,0
40,48,Circuit sportif autour de la Garonne,"Bonjour, Je souhaiterais que des agréés soient installés en bord de Garonne, du côté de l'avenue de Muret. En effet, du côté Empalot, ça existe déjà. L'idée est de faire un circuit, surtout en lien avec la future passerelle.Modalités de réalisation - Avis technique :Création d’un parcours sportif le long de la Garonne via l’installation de différents modules sportifs pour favoriser la pratique sportive sur cet espace.",Cadre de vie,35000,15 - Croix de Pierre / Route d'Espagne,32,36,421,15,Croix de Pierre / Route d'Espagne,2.2,False,0
41,156,Aménager le Rond-Point des Français Libres et le carrefour Demoiselles - Mistral - Frizac - Duméril - St Joseph,"1/ réduire la surface bitumée trop importante et végétaliser l'espace gagné 2/ améliorer le plan de circulation de ce carrefour (allée des Demoiselles - allées Mistral - avenue Frizac - rues St Joseph et Duméril) 3/ créer une piste cyclable depuis l'allée des Demoiselles vers la rue DumérilModalités de réalisation - Avis technique :Réaménagement du Rond Point des Français Libres et amélioration du carrefour Demoiselles-Mistral-Frizac-Duméril-Saint-Joseph : végétalisation, traitement des discontinuités cyclables et sécurisation accrue du carrefour.",Nature en ville,200000,5 - Saint-Michel / Saint-Agne / Empalot / Le Busca / Ile du Ramier / Monplaisir,178,111,553,5,Saint-Michel / Saint-Agne / Empalot / Le Busca / Ile du Ramier / Monplaisir,5.3,True,1
42,199,Mettre des poubelles à tous les arrêts de bus,"Je prends le bus tous les jours pour aller au travail et nombre d’entre eux n’ont pas de poubelle à côté de l’arrêt. Cela pose un vrai problème quand il faut jeter ses déchets avant de monter dans le bus (emballage, mégot de cigarette…)Modalités de réalisation - Avis technique :On recense une trentaine d’arrêts bus sur le quartier.Les arrêts de bus les plus fréquentés en sont déjà équipés.Les arrêts de la gare-bus Jeanne d’Arc ayant été aménagés de manière provisoire pour permettre l’accessibilité des personnes en situation de handicap à l’aide de modules plastiques, ils ne pourront pas être équipés de corbeilles.Ils restent donc une vingtaine d’arrêts de bus à équiper.",Cadre de vie,10700,3 - Les Chalets / Bayard / Belfort / Saint Aubin / Dupuy,11,45,678,3,Les Chalets / Bayard / Belfort / Saint Aubin / Dupuy,1.3,False,0
43,139,Aménagement du site de l’observatoire de Pech-David,"Avec la récente arrivée du téléphérique toulousain, les habitants du quartier voient leurs espaces de vie se transformer. La base verte de Pech David où se situe l’observatoire, pourtant si adorée des promeneurs, des familles et des sportifs toulousains s’altère et change peu à peu de visage. Elle mute en un parking qui s’étend de plus en plus loin, où la voiture - bien que nous soyons dans une époque de plus en plus soucieuse pour notre planète - aspire à devenir la reine (stationnement sur l’herbe, en bord de falaise, autour de l’observatoire, voire sur des chemins de randonnées...). Pourtant notre reine est la zone de Pech David. Nous voyons sa flore et sa faune se modifier; les façons de profiter de cet espace détériorées. En effet, à présent et maintenant depuis deux ans, c’est un parking à ciel ouvert qui modifie les usages et les fréquentations de ce site et de notre quartier. Notre souhait est alors de remettre sur le devant de la scène la dynamique active, familiale et sportive de Pech David. Nous aimerions des aménagements destinés à respecter le lieu pour ce qu’il représente vis à vis de notre ville, en tant que poumon vert, mais surtout de notre quartier. Nous imaginons alors des zones de détente et d’échange (au sol ou grâce à du mobilier éco-responsable). Des terrains de pétanque ou de mölkky transformant le chemin dédié aux travaux du téléphérique en petits terrains de jeux. Avant tout, nous souhaiterions restaurer les espaces verts afin de ramener la nature, sacrifiée au nom de l’automobile et de la facilité d’accès des toulousains. Ceux-ci pourront en réalité réutiliser les zones de stationnement initiales (parking de l’autre côté de la route de l’observatoire, parking des stades après le centre équestre,...), et se rendre à pied sur le site de l’observatoire. C’est avec beaucoup de respect pour notre quartier, mais aussi pour notre ville qu’en tant que jeunes toulousains, sportifs et amoureux de Pech David, que nous espérons que ce projet soit retenu.Modalités de réalisation - Avis technique :
Aménagement d’espaces sportifs et de détente sur le site de l’observatoire de Pech-David.Ce projet consisterait en l’installation de plusieurs tables de pique-nique ombragées par des plantations d’arbres autour de l’observatoire, non loin du château d’eau. En complément, des équipements sportifs de plein air (terrain de pétanque, aire pour molky …) ainsi que des assises seraient installées. Ce projet viendrait en complément de la sécurisation et de l’amélioration de l’accessibilité du site de l’observatoire (rénovations des cheminements piétons, installation de signalétique …), déjà prévus par la collectivité.",Nature en ville,95000,13 - Rangueil / Sauzelong / Jules-Julien / Pech-David / Pouvourville,101,51,2664,13,Rangueil / Sauzelong / Jules-Julien / Pech-David / Pouvourville,5.2,True,1
44,147,Aménagement du terrain vague derrière l'école de Pouvourville,"A coté de l'école Jean-Pierre Vernant de Pouvourville, il y a un terrain vague fauché régulièrement par la mairie mais non exploité. Seules les déjections canines y trouvent malheureusement leur place... Je propose donc que ce lieu soit valorisé par la mairie en y mettant un parc pour enfant, des jardins partagés, un city stade, des tables de ping pong, bref un vrai lieu de vie où petits et grands pourraient se retrouver.Modalités de réalisation - Avis technique : Valorisation de l'espace grâce à des plantations d'arbres et l'aménagement de structures de jeux en bois permettant aux habitants comme aux élèves de profiter d’un espace naturel aménagé respectant la biodiversité, sur l’espace attenant à l’école Jean-Pierre Vernant.",Nature en ville,80000,13 - Rangueil / Sauzelong / Jules-Julien / Pech-David / Pouvourville,16,61,736,13,Rangueil / Sauzelong / Jules-Julien / Pech-David / Pouvourville,5.2,False,0
45,17,Lutter contre les moustiques avec les chauves-souris,"Les chauves-souris mangeraient jusqu'à l'équivalent de 3000 insectes par nuit (dont les moustiques). Pourrait-on instaurer des nichoirs à chauve-souris et repeupler avec des chauve-souris dans les parcs afin de profiter de leur nettoyage ?Modalités de réalisation - Avis technique :Les chauves souris ont une activité crépusculaire voire nocturne alors que les moustiques tigres piquent particulièrement en journée (matinée et début de soirée avant la tombée de la nuit).Cette solution s’inscrit dans le cadre de la préservation de la biodiversité et de l’approche éco-systémique mais elle n’est pas la plus appropriée pour lutter contre le moustique tigre.D’autres solutions comme les pièges pondoirs doivent être priorisés car ils interviennent sur une étape clé et incontournable du cycle de vie du moustique tigre et sont spécifiques à cette espèce.L’installation de pièges pondoirs est donc proposée comme alternative. Sur le quartier Compans-Amidonniers, 40 pièges pondoirs peuvent être installés.",Nature en ville,1200,2 - Amidonniers / Compans-Caffarelli / Brouardel,155,52,1003,2,Amidonniers / Compans-Caffarelli / Brouardel,1.2,True,1
46,141,Pièges à moustiques tigres,"Les moustiques tigres nous gâchent la vie en nous empêchant de profiter des jardins aux beaux jours. Or il existe des pièges anti-moustiques efficaces et sans danger pour l'environnement. Pour que cela soit efficace, il faut les utiliser à grande échelle, sur tout un quartier par exemple. Cela a été fait avec succès dans des villes du sud-est. Je propose donc de mettre en place ce type de piège dans le quartier.Modalités de réalisation - Avis technique :Installation de 40 pièges pondoirs anti-moustiques dans le quartier Rangueil, Pech-David, Sauzelong, Pouvourville aux abords des équipements publics (écoles, crèches, parcs publics, etc.).",Nature en ville,1200,13 - Rangueil / Sauzelong / Jules-Julien / Pech-David / Pouvourville,91,26,646,13,Rangueil / Sauzelong / Jules-Julien / Pech-David / Pouvourville,5.2,True,1
47,200,De l'art sur les murs aveugles,L'idée serait déjà de recenser les murs aveugles dans la ville et d'y proposer des œuvres de taille importante. La photo de Claude Nougaro à Saint Pierre en est un exemple mais il y a aussi pleine de grandes villes qui proposent des fresques. Introduire l'art dans le quotidien et pas seulement dans les musées. Les toulousains et les touristes pourraient faire des photos devant et promouvoir la ville via les réseaux sociaux.Modalités de réalisation - Avis technique :La mairie de Toulouse développe depuis plusieurs années une Galerie A Ciel Ouvert et propose des visites street art avec l’office de tourisme. Toute nouvelle réalisation pourra intégrer les parcours qui évoluent sans cesse. Le sujet ainsi que la localisation et l’envergure de l’œuvre seront définis plus précisément par la « Commission art dans l’espace public ».,Cadre de vie,100000,3 - Les Chalets / Bayard / Belfort / Saint Aubin / Dupuy,27,30,834,3,Les Chalets / Bayard / Belfort / Saint Aubin / Dupuy,1.3,False,0
48,164,Mettre des poubelles à tous les arrêts de bus,"Je prends le bus tous les jours pour aller au travail et nombre d’entre eux n’ont pas de poubelle à côté de l’arrêt. Cela pose un vrai problème quand il faut jeter ses déchets avant de monter dans le bus (emballage, mégot de cigarette…)Modalités de réalisation - Avis technique :Cette idée est en cohérence avec la politique Propreté d’augmentation du nombre de corbeilles. Un recensement sera réalisé à l’échelle du quartier afin d’identifier précisément les interventions à mener. ",Cadre de vie,20000,20 - Arènes Romaines / Ancely / Saint-Martin du Touch / Purpan,17,45,483,20,Arènes Romaines / Ancely / Saint-Martin du Touch / Purpan,6.1,False,0
49,70,Toilettes publiques au Jardin du Barry,"Le Jardin du Barry est un poumon vert pour le quartier Cartoucherie, quartier d’immeubles très denses, ainsi que pour les quartiers alentour. Ce Jardin est appelé à voir de plus en plus d’usagers journaliers, avec les nombreux habitants de l’Ecoquartier Cartoucherie (3 525 logements à terme), habitant quasiment tous en appartement, qui ont besoin de prendre l’air avec leurs enfants, ou qui font du jogging ou promènent leur chien, mais également avec la fréquentation pendant leurs pauses par les étudiants des écoles environnantes, par les salariés des bureaux, y compris pour déjeuner. Ces utilisations du Jardin sont grandissantes à toute période de l’année. Sans compter les fêtes et rencontres amicales et familiales du week-end et l’utilisation des barbecues entre mai et octobre. Elle sera également accrue à toute époque de l’année, avec l’installation d’un terrain multisports et la réappropriation du Jardin par les habitants. Cette réappropriation du jardin comme lieu de promenade, de rencontre ou de pratique sportive passe par une meilleure propreté du jardin, qui n’est possible que si des toilettes sont disponibles. En effet, la fréquentation du Jardin est actuellement gâchée par le manque de toilettes publiques (besoin naturel des enfants et des adultes, dès qu’on passe plus d’une heure et demie dans un jardin) et par les toilettes sauvages (avec papier et déjections humaines) qui se sont installées dans tous les recoins du jardin. L’installation de toilettes PMR au Jardin du Barry répond à un besoin du quartier et peut bénéficier au plus grand nombre. Elle s'inscrit dans le cadre des actions soutenues par la Mairie de Toulouse pour une ville + verte et + respirable. La proposition est plurielle et complémentaire : - La demande n°1 concerne l’installation de toilettes publiques autonomes à lombricompostage dans le Jardin du Barry. Sans ajout de sciure, ces toilettes sont conçues pour être utilisées aucun réseau d’eau ni d’électricité et sans produits chimiques (contribuent à économiser 12 600 000 litres d’eau potable par an). Le design sobre et le matériaux bois à l’extérieur permet de bien s'insérer dans l’environnement et l’utilisation ne nécessite aucun gardiennage. Ces toilettes pourraient démocratiser et décomplexer l’utilisation des toilettes dites « sèches ». Ils s’utilisent comme des toilettes classiques : l’utilisateur appuie sur une pédale pour faire dérouler un tapis incliné. Ainsi, les matières sont envoyés à l’arrière du bâtiment et sont progressivement transformés en terreau par les lombrics (vers de terre à la fois saprophages - ils consomment des végétaux en décomposition - et coprophages - se nourrissent de matières fécales). Ainsi, il n’y a pas besoin d’ajouter de la sciure ni de la paille, ce qui permet de limiter à une fois tous les 5 à 15 ans l’évacuation des terreaux. Le coût de l’exploitation est quasiment nul : 1 intervention par an dans le local technique est nécessaire, la vidange ne s’effectue que rarement. Ex : en 2020 modèle SANILIGHT à Colomiers - lac du Perget / En 2017 Parc de L’Union comprenant une aire de pique-nique, des terrains de jeux et un stade (www.sanisphere-fr.com) Budget : de 21.000 € à 30.000 € selon le soubassement à prévoir. - La demande n°2 concerne l’installation d’une sanisette qui se nettoie automatiquement à proximité du jardin du Barry, sur le parking face au jardin du Barry ou rue Suzanne Noel à côté du parking Du Barry. L’emplacement à l’extérieur du jardin s’inspire des autres grands jardins toulousains qui n’accueillent pas directement de sanisette dans le jardin mais à proximité dans une rue. C'est une dépense d’investissement normalement éligible au budget participatif, les frais de location et d’entretien sont de la compétence de la ville, comme les 63 toilettes publiques déjà installés à Toulouse. Les toilettes étant auto-nettoyants, il n’y a pas beaucoup de nettoyage à prévoir, mais plutôt le remplacement des consommables. Pour rendre ce système plus écologique, il serait intéressant de remplacer l'eau potable par de l'eau non potable (près du parking par récupération des eaux de pluie / proche du jardin, par l'eau du lac après filtrage). Budget : coût d’installation de 10.000 et 20.000 euros la cabine Location 25.000 € annuel - Demande n°3 – installation d’urinoirs Pour résoudre le problème des urines sauvages au Jardin du Barry et transformer cette incivilité en un puissant fertilisant 100 % bio : l’urine est recueillie et valorisée par les plantes dans un massif végétal rempli de Chabazite (roche volcanique). La biomasse du bac, le terrain attenant et les plantes se nourrissent de ce fertilisant d'où une croissance accélérée. voir ECOSEC - http://parisette.coop Budget : modèle VESPALITE - budget à préciserModalités de réalisation - Avis technique :Installation de toilettes publiques à lombricompostage dans le jardin du Barry. Cette technologie très évoluée permet d’accueillir un nombre d’utilisateurs important tout en étant esthétique et parfaitement inodore.",Cadre de vie,60000,19 - Casselardit / Fontaine-Bayonne / Cartoucherie,27,38,5019,19,Casselardit / Fontaine-Bayonne / Cartoucherie,2.4,False,0
50,143,Lampadaires à détecteur de mouvement piste cyclable Sud canal,"Bonjour, Modifier les lampadaires actuellement présents le long de la piste cyclable entre rocade Sud (pont piétons cyclable sur la Rocade) et la limite avec Ramonville (autre juridiction qui pourrait également être consultée) pour en faire des lampadaires à éclairage se déclenchant à la nuit tombée (prenant aussi en compte le changement d'heure été/hiver), et seulement en cas de mouvement détecté sur la voie à revêtement pour piétons & cyclables, pour une durée suffisante au temps de déplacement. Avantage : économie d’électricité et sécurisation circulation piétons-vélos. Budget : ne pas remplacer les lampadaires existants, mais les équiper d'un système de détection de mouvement efficace.Modalités de réalisation - Avis technique : Equiper les lampadaires de la piste cyclable le long du Canal du Midi (portion Sud, du pont-Canal des Herbettes à Ramonville) de détecteurs de forme. La détection de forme permet de maîtriser les couts d’exploitation de l’éclairage en apportant la lumière uniquement en cas d’usage avéré sur l’espace public. Il s'agit de détecter la présence de mouvements humains la nuit.",Énergie,50000,13 - Rangueil / Sauzelong / Jules-Julien / Pech-David / Pouvourville,50,61,1115,13,Rangueil / Sauzelong / Jules-Julien / Pech-David / Pouvourville,5.2,False,0
51,35,Installation des toilettes publiques entre la gare d'Arènes et le Carrefour Lombez,"Le passage souterrain piéton qui relie l’arrêt de bus à l'autre côté des rails (la Clinique Pasteur, Carrefour Lombez, McDonalds au Blvd Gabriel Koenigs) est régulièrement utilisé comme toilettes. Afin de rendre ce passage (notamment la rampe d’accès à mobilité réduite) moins sale et répugnant, il suffirait de donner aux personnes qui fréquentent ce coin la possibilité d’utiliser de vraies toilettes dignes. Une installation des toilettes publiques à la sortie du passage côté Blvd Koenigs au carré vert à côté des bancs semble d’être une solution pour ce quartier peu apprécié.Modalités de réalisation - Avis technique :Installation d'un uritrottoir, un urinoir public écologique, sur l'espace vert situé à proximité du 36 Boulevard Koenigs, à la sortie du passage souterrain permettant de rejoindre les arènes. En raison de contraintes techniques, une sanisette ne peut en revanche pas être déployée sur cette zone. Pour information, il existe une sanisette à proximité au niveau des arènes.",Cadre de vie,14000,6 - Saint-Cyprien,19,82,996,6,Saint-Cyprien,2.1,False,0
52,47,Créer une forêt urbaine sur les friches de l’ancien Darty,"Depuis la catastrophe AZF ce terrain est une friche où pousse les herbes et les peupliers au milieu des restes de goudron. Je propose à la place de planter des arbres avec des essences de la région ce qui permettra d’absorber une petite partie du CO2 rejeté par le périphérique adjacent et serait un pôle de fraîcheur dans cette zone très bétonnéModalités de réalisation - Avis technique :Aménagement d'une micro forêt urbaine le long du périphérique à proximité immédiate du Rond-Point Robert Baden-Powell. Il est à noter qu’à l’emplacement de l’ancien Darty, une partie du foncier n’appartient pas à la collectivité, la micro forêt pourrait donc uniquement être plantée le long de la piste cyclable.",Nature en ville,15000,15 - Croix de Pierre / Route d'Espagne,47,57,701,15,Croix de Pierre / Route d'Espagne,2.2,False,0
53,8,Végétaliser les pieds d'arbres en ville,"Bonjour, je propose de végétaliser tous les pieds d'arbres du centre ville avec des plantes.Modalités de réalisation - Avis technique :L’échelle du centre ville évoquée au terme de cette idée est trop vaste pour réaliser un tel projet dans le cadre du budget participatif. Les services techniques proposent de réaliser cette idée sur la rue des Arts, sous réserve d’étude de réseaux souterrains et de l’avis de l’Architecte des Bâtiments de France. Il est possible de planter des végétaux couvre-sol vivaces fleuris et arbustes ponctuels afin d'apporter du volume à l'aménagement et embellir l’espace.",Nature en ville,50000,1 - Capitole / Arnaud Bernard / Carmes,49,39,601,1,Capitole / Arnaud Bernard / Carmes,1.1,False,0
54,20,Rendre glamour les bornes de recyclage,"Et si on rendait plus belles les bornes de recyclage du verre dans Toulouse? Ces bornes sont un peu partout dans la ville. Elles sont pratiques mais pas très glamours. L'idée serait d'associer l'art au recyclage et d'embellir ces bornes en les peignant avec comme fil conducteur la couleur verte. On pourrait faire appel à des artistes locaux, à des associations et à des écoles. Qui sait, ça finira peut-être en parcours ""touristique"" dans la ville.Modalités de réalisation - Avis technique :Une expérimentation peut-être envisagée sur quelques conteneurs avec des artistes qui pourraient être sélectionnés sur la base de propositions de visuel. Le coût total d’un tel projet a été estimé sur la base de 10 conteneurs (2 artistes et 5 conteneurs par artiste envisagés).",Cadre de vie,10000,2 - Amidonniers / Compans-Caffarelli / Brouardel,11,38,770,2,Amidonniers / Compans-Caffarelli / Brouardel,1.2,False,0
55,160,Eclairage passage piéton ,"Le long de la voie ferrée ill existe un passage piéton entre la gare saint martin du touch vers un parc d'activités avec de grandes sociétés ATOS, ECA AEROSPACE... il est très emprunté à l'entrée et la sortie des bureaux mais éclairé inutilement toute la nuit sans passage. Cela crée une pollution visuelle d'autant plus que les poteaux lumineux sont très hauts en bois. Je propose des poteaux lumineux plus bas pour un passage piéton à led avec une détection pour être en mode 10% la nuit en veille puis 100% au passage. Gain d'énergie et de pollution visuelle.Modalités de réalisation - Avis technique : La solution technique de la détection de forme humaine permet de répondre à tous les enjeux propres à l’éclairage public : protection du ciel étoilé, de la faune et de la flore par un éclairage presque « nul » si pas d’usage de l’espace, mais garantie d’une lumière sécuritaire et rassurante pour les usagers éventuels la nuit.Ce site pourrait bénéficier de cette solution innovante.  L’objectif de déploiement sur la ville de Toulouse est de 30% du parc en 2030, soit 20 000 appareils.",Énergie,20000,20 - Arènes Romaines / Ancely / Saint-Martin du Touch / Purpan,8,25,1092,20,Arènes Romaines / Ancely / Saint-Martin du Touch / Purpan,6.1,False,0
56,161,Ajout d'Arbres quartier des Arènes Romaines,"Plantation d'arbres supplémentaires à certains endroits du quartier des arènes romaines, comme par exemple, sur les espaces verts aux abords de la rue Carlos Gardel, aux abords de la route de Bayonne, ou encore sur le petit terrain engazonné situé au bord de la rue Jaufre Rudel, derrière le centre commercial Purpan (j'ai même pensé qu'à cet endroit, on pourrait créer un petit jardin public ou espace vert public arboré, comme ceux aux abords de la rue Carlos Gardel).Modalités de réalisation - Avis technique : Les fonciers proposés rue C.Gardel et J.Rudel sont des espaces privés, leur acquisition par la collectivité entraînerait le dépassement de l’enveloppe budgétaire de 200 000 € dédiée à chaque projet. Sur la route de Bayonne, les abords, au droit des espaces naturels qui pourraient convenir, sont déjà plantés. La plantation d’arbres est possible dans le quartier des Arènes Romaines mais en dehors du périmètre évoqué dans cette idée. Une concertation pourra être proposée aux habitants sur cette idée.",Nature en ville,70000,20 - Arènes Romaines / Ancely / Saint-Martin du Touch / Purpan,19,43,1016,20,Arènes Romaines / Ancely / Saint-Martin du Touch / Purpan,6.1,False,0
57,7,Faire des voies vélos et piétons dédiées et bien délimitées,"Pour favoriser la cohabitation piétons/cyclistes faire des voies dédiées vélo et piétons bien délimitées pour chacun. Y compris rue Alsace Lorraine où la cohabitation est vraiment compliquée et dangereuse. Et mettre en place les moyens pour que ce soit respectés avec rappel à l'ordre si besoin.Modalités de réalisation - Avis technique :Dédier des espaces aux cyclistes ou aux piétons, de manière distincte, fait écho à des demandes croissantes et les projets d’aménagement en cours tendent à les prendre en considération. Tel est le cas pour l’aménagement de la rue de Metz et le projet Rive Droite-Rive Gauche.La rue Alsace Lorraine présente deux profils distincts : une zone avec un espace de circulation pour les véhicules et un parvis central sans passage de véhicules motorisés.Les cyclistes utilisent aujourd'hui majoritairement la voie centrale dédiée à la circulation automobile.Une séparation piétons/cycles peut être expérimentée, pendant 6 mois, par un marquage jaune avec logos vélos et chevrons en axe de chaussée et contre-sens matérialisé (similaire au principe de la vélorue) La répétition des logos tous les 20m permettra une visualisation claire par les piétons.Si cette expérimentation permet de constater une amélioration en terme de conflit d'usages piétons/cycles, un aménagement pérenne pourra être envisagé.",Éco-mobilité,150000,1 - Capitole / Arnaud Bernard / Carmes,467,59,1333,1,Capitole / Arnaud Bernard / Carmes,1.1,True,1
58,116,Création d’abris pour la faune,"La création d’abris à chauve souris, oiseaux et insecte. Recréer une chaîne alimentaire urbaine qui aura pour avantage entre autres de diminuer la présence de moustiques.Modalités de réalisation - Avis technique :Ce projet est réalisable , si l'idée est votée, pose de douze nichoirs à oiseaux sur le site des argoulets et au jardin du bout du monde à Amouroux et d'un hôtel à insectes aux argoulets. Concernant les nichoirs à chauves souris l'analyse technique de la direction compétente relève que leur installation n'apporte pas de solution à la problématique des moustiques tigres qui ont une activité diurne alors que les chauves souris ont une activité nocturne, il est donc proposé d'installer des pièges pondoirs en remplacement.",Nature en ville,4000,10 - Jolimont / Soupetard / Roseraie / Gloire / Gramont / Amouroux,38,30,737,10,Jolimont / Soupetard / Roseraie / Gloire / Gramont / Amouroux,4.2,True,1
59,125,Planter des arbres entre la rocade et la voie verte de l'Hers,"La voie verte de l'Hers qui longe la rocade pourrait être bien plus agréable pour se promener, faire du sport s'il y avait davantage d'arbres entre la rocade et celle-ci. En ajoutant des arbres dont certains à feuilles persistantes, cette zone verte serait mieux isolée du trafic de la rocade.Modalités de réalisation - Avis technique :La plantation d’arbres en alignement le long de la voie verte, depuis l’Avenue Jean Chaubet jusqu’à l’Avenue de Castres est réalisable.Le nombre d'arbres susceptible d'être planté dépendra de la présence de réseaux sur cette emprise géographique de Toulouse (réseau d’éclairage public et réseau stratégique d’eau usées et pluviales). Compte tenu des marchés publics actuellement en cours il est possible, dans le budget imparti, de planter une centaine d'arbres.",Nature en ville,199500,11 - Bonhoure / Guilheméry / Château de l'Hers / Limayrac / Côte Pavée,94,61,798,11,Bonhoure / Guilheméry / Château de l'Hers / Limayrac / Côte Pavée,4.3,True,1
60,103,Végétalisation/ réaménagement  du square Bartoli,"Le square Bartoli (situé à côté du chemin Lpaujade)fait partie de l'OAP Lapujade et devait être un endroit végétalisé. Entouré de logements sociaux, le seul espace ""vert"" de ce secteur est ce square. Or celui-ci, exclusivement minéral à l'exposition sud, est absolument impraticable par les habitants et constitue l'été une vraie source de chaleur supplémentaire pour les logments qui l'entourent. En effet, ce square est encerclé par une route inutile (les services et les habitant disposent d'un parking à proximité immédiate pour faire demi tour), le square en lui -même est revêtu d'un bitume, un banc est situé au centre, et seuls deux arbres très jeunes constituent le seul apport végétal du site. Afin d'apporter un ilot de fraicheur dans ce secteur particulièrement urbanisé, et que cet espace public puisse enfin être utilisé par les habitants, il est indispensable de supprimer la route qui l'encercle, de supprimer le revêtement du square, et de planter à foison des végétaux persistants et caducs afin de lutter contre la chaleur l'été et contre la pollution l'été et l'hiver. Une fontaine pourrait également être implantée afin de rafraichir cet espace. Grace à l'ombre créée par les nouveaux végétaux, des bancs supplémentaires seraient bienvenus ainsi que des jeux pour enfants. Cette parcelle contenait une grande bio diversité avant d'être urbanisée massivement, des végétaux sont donc essentiels pour offrir à nouveau un refuge pour la biodiversité dans ce secteur. Sans compter, un espace public de qualité que les habitants pourront enfin utiliser.Modalités de réalisation - Avis technique : Sous réserve de l’existence de réseaux contraignant le projet, il est parfaitement envisageable d’améliorer la végétalisation de cet espace.La voie circulaire en enrobé doit être conservée dans la mesure où elle assure le retournement des camions de la collecte des ordures ménagères. En conséquence, le mobilier de type potelets doit être également conservé pour assurer le respect de la pelouse et des plantations (en empêchant le stationnement sauvage)La réalisation d’une aire de jeux est possible, toutefois, la surface moyenne d’une aire étant d’une petite centaine de mètre carré, elle occuperait environ 1/3 de l’espace disponible. Dans cette configuration, une aire de jeux peut être l’occasion de regroupements nocturnes et engendrer de trop fortes nuisances sonores pour les riverains ; nous déconseillons l’aire de jeux sur cet espace entouré d’habitations. en conséquence, si cette idée est retenue par le vote, l'espace central sera végétalisé (sans suppression de la voirie attenante et sans aire de jeux).",Nature en ville,115000,4 - Lapujade / Bonnefoy / Périole / Marengo / La Colonne,7,48,2633,4,Lapujade / Bonnefoy / Périole / Marengo / La Colonne,4.1,False,0
61,65,"Végétalisation rond point avenue de Lombez, boulevard Gabriel Koenings et environs","J'habite à l'avenue de Lombez. Chaque été avec les grosses chaleurs je remarque l'absence d'arbres et végétation dans ce rond point et sur les parties de l'av de Lombez et du boulevard Gabriel Koenings qui débouche sur ce rond point. Il y a un effet ilot de chaleur important et on remarque une différence de température énorme entre cette zone et les endroits près avec des arbres (voir place de la patte d'oie ou les arbres d'un côté de l'Av de Lombez). De plus, il y a de la place dans les zones bétonnées entre les trottoirs. Parallèlement, la récente réforme du boulevard Gabriel Koenings n'a pratiquement pas mis plus d'arbres et en été on a la même sensation, vous pourriez enlever quelques places de stationnement et planter également plus d'arbres. Rien de plus innovant que des des arbres, en maintenant les vois cyclables. MerciModalités de réalisation - Avis technique :Végétalisation et désimperméabilisation de l'un des parkings sur la barrière de Lombez afin de limiter les îlots de chaleur en été et pour embellir cet axe très bétonné. Du mobilier urbain pourrait par ailleurs être implanté afin d'en faire un espace convivial. Une concertation sera organisée avec les riverains pour réfléchir d'une manière plus fine au projet et mener une réflexion collective concernant la diminution de la capacité en stationnement.",Nature en ville,200000,19 - Casselardit / Fontaine-Bayonne / Cartoucherie,37,82,1335,19,Casselardit / Fontaine-Bayonne / Cartoucherie,2.4,False,0
62,42,Compostage commun/jardin participatif - Croix de PIerre,"Proposer un compostage commun pour le quartier croix de pierre, et/ou un jardin participatif (sur l'île du ramier ou tout autre lieu capable d'acceuillir un tel projet) en lien avec l'utilisation du compost. (ou compostage seul)Modalités de réalisation - Avis technique :Implantation d'un composteur collectif sur le quartier Croix-de-Pierre route d'Espagne, sous réserve de l'implication de 30 foyers au minimum pour que cela fonctionne. La localisation pourra être définie en concertation avec les riverains.",Déchets et Recyclage,7000,15 - Croix de Pierre / Route d'Espagne,30,55,510,15,Croix de Pierre / Route d'Espagne,2.2,False,0
63,79,"Rue Negreneys : Un transport pour tous :  piste cyclable continue, sécurité pour les piétons et réduction de la vitesse ","La rue Negreneys relie Borderouge au canal. Depuis peu la section côté Minimes a été réhabilitée avec succès depuis peu,
Mais du 123 au 170 Rue negreneys, cette portion est à l'abandon des voitures ! Et dangereuses pour les autres usagers : micro trottoir, pas de pistes cyclables et surtout une double voie de voiture
Une intense circulation et à grande vitesse : La section entre le rond point Louis Bréfeuil et le BVD Pierre et Marie Curie est un point de transit énorme où converge : Rue E. Renan depuis les Izards / Av Bourgès ( depuis Borderouge). Rue Michl Ange ( Croix Daurade), R Pierre Cazeneuve et chemin Cordeau ( depuis le Canal + Av Pierre et Marie Curie).
Actuellement la double voie, l'afflux et la vitesse est telle qu'il est très dangereux de traverser cette portion : Proposition : des ralentisseurs + passage piétons matérialisés.
Les 2 trottoirs sont complètement discontinus et minuscules : impossible de passer une poussette, ni de croiser 2 piétons sans passer sur la chaussée: Créer une zone de passage continu ;
Vélo : Borderouge et le sud de Negreneys sont aménagés avec des pistes cyclables, reliant le centre-ville en transport doux. Multipliant les usagers du quotidien que je suis, et les ponctuels avec les stations vélo-toulouse poste 252 & 151) : pas de piste cyclable ! Obligation de circulation sur la double voix ou sur le trottoir déjà trop étroit pour les piétons dans le bon et à contre-sens : Proposition : création d'une piste cyclable pour effectuer la jonction des quartier, et sécurisé.
Croisement rue cordeau et Negereney s( 135) : Zone végétale et arborée : peu utilisée en raison du dépôt verre +boite le Relais, les deux débordants régulièrement. Proposition : décaler ces dépôts sur la zone bitumée pour une réappropriation de cet espace.
Modalités de réalisation - Avis technique :Faisabilité en plusieurs phases :Phase 1 : bande cyclable tactique dans le sens de la circulation du n°170 au n°123 : réalisée en mars 2022Phase 2 : double sens cyclable tactique à programmer en automne 2023Phase 3 : couloir bus et piste cyclables à horizon fin 2028",Éco-mobilité,150000,8 - Minimes / Barrière de Paris / Ponts-Jumeaux / La Vache / Raisins / Fondeyre,47,120,2098,8,Minimes / Barrière de Paris / Ponts-Jumeaux / La Vache / Raisins / Fondeyre,3.1,False,0
64,24,Arceau pour vélo,"L'usage du vélo est en nette progression; le nombre d'arceaux pour garer son vélo particulier est très insuffisant dans l'ensemble du centre ville et à proximité des marchés. Le dimanche matin, à l'occasion du marché St Aubin, c'est vraiment galère pour trouver un endroit où attacher son vélo ! Les barrières de trottoirs de toutes les rues environnantes ne suffisent pas; il faut se débrouiller avec les grilles des fenêtres des souplex, un poteau, un grillage, un tuteur d'arbre...Modalités de réalisation - Avis technique :Le sujet du stationnement des vélos sur la place Michelet est une problématique récurrente. Toutefois, au vu de l’usage du lieu et notamment en raison du marché, aucun emplacement supplémentaire n’est envisageable.Des implantions sont possibles sur les rues adjacentes mais cela ne répondra pas au besoin spécifique de cette place. Des emplacements dans le parking souterrain peuvent également être envisagés.Dans le cas d’un emplacement sur une place de stationnement uniquement délimitée en marquage, des travaux de voiries sont préalablement nécessaires.Pour compléter l’offre sur place Saint Aubin, il est proposé d'installer 19 racks supplémentaires à 4 endroits distincts, sur les rues adjacentes.",Éco-mobilité,35000,3 - Les Chalets / Bayard / Belfort / Saint Aubin / Dupuy,19,16,1230,3,Les Chalets / Bayard / Belfort / Saint Aubin / Dupuy,1.3,False,0
65,155,Lutter contre la pollution des mégots,"En 2017, l’association Surfrider identifiait les mégots comme les principaux déchets plastiques retrouvés dans l’environnement, qu’il s’agisse des plages, des fonds marins, des rivières ou des lacs. Les mégots sont des déchets plastiques non biodégradables, le plus souvent en acétate de cellulose. Ils sont en revanche photodégradables ; la matière première finit donc par se diluer dans les eaux ou dans les sols. Selon l’INEPS (Institut National d’Éducation et de Prévention pour la Santé), on retrouve de l’acide cyanhydrique, du naphtalène, de la nicotine, de l’ammoniac, du cadmium, de l’arsenic, du mercure et même du plomb parmi les nombreuses substances toxiques. A savoir que la nicotine est utilisée comme insecticide depuis le XVème siècle ! Aujourd’hui encore, on l’emploie en tant que pesticide aux Etats-Unis, au Canada et en Europe de manière très encadrée à cause de sa toxicité sur la biodiversité aquatique (en effet, la molécule est très soluble dans l’eau). Selon une étude, menée par l’université d’État de San Diego en 2011 sur des poissons marins et d’eau douce, un seul mégot suffit à décimer la moitié de cette population de poisson. Les micro-organismes aquatiques sont également touchés : certains sont incapables de se reproduire et d’autres sont complètement paralysés après une exposition prolongée. De plus, les animaux marins peuvent ingérer les mégots, ce qui peut entraîner leur mort ou leur sous-nutrition en provoquant un faux sentiment de satiété (puisque les animaux ne régurgitent pas forcément cet élément). Ces essais écotoxicologiques conduisent à attribuer aux mégots « la propriété de danger HP 14 écotoxique », c’est-à-dire des déchets qui présentent ou peuvent présenter des risques immédiats ou différés pour une ou plusieurs composantes de l’environnement. A Toulouse, les mégots sont nombreux à être jetés par terre chaque année (pour donner une idée, dans la métropole bordelaise ils sont évalués à 200 millions). Or les eaux usées sont acheminées vers les stations d’épuration de la métropole tandis que les eaux pluviales elles sont dirigées vers le milieu naturel tel que la Garonne. Ce qui fait que les mégots y finissent directement, libérant au bout d’1 heure leurs composants chimiques dans l’eau qui l’entraine et la polluant ainsi avec 2500 substances nocives. Pour lutter contre ce problème nous pourrions : 1/ éduquer et sensibiliser le grand public notamment en mettant en place une campagne de communication permanente qui vise à informer les habitants du devenir des eaux pluviales et à l’impact sur le milieu naturel des déchets jetés dans les réseaux d’assainissement à l’image de ce qui a été fait à Bordeaux 2/ équiper les bouches d’égout de collecteurs de déchets : le principe consisterait à installer un système de bac grillagé amovible qui permettrait la retenue puis la collecte des déchets piégés par ce filtre évitant ainsi leur chute dans l’égout et leur entrainement jusqu’à la Garonne 3/ contractualiser un partenariat, développer une solution complète et innovante de sensibilisation, de collecte et de recyclage des mégots. Cela pourrait être sous forme d’une expérimentation dans des zones ciblées dans un premier temps (grosses zones fumeurs telles qu’aéroport, gares, cinémas, établissements scolaires types lycées écoles et facultés, regroupements de bars …) qui pourrait être généralisée ensuite si l’expérimentation est concluante. Nous pourrions commencer par traiter l'axe entre la Place Lafourcade et la Gare Saint Agne en passant par le Metro Saint Michel.Modalités de réalisation - Avis technique :Pour la lutte contre la pollution aux jets de mégots des eaux fluviales, l'opération suivante peut être réalisée : L'installation de filets filtrants sur les exutoires pluviaux de la Garonne, permettant de récupérer les détritus polluants en amont. En outre, la demande formulée s'inscrit dans la démarche globale de lutte contre les jets de mégots dans le cadre de la politique de propreté urbaine de Toulouse Métropole. Les actions de lutte contre les jets de mégots seront renforcés entre 2023 et 2026 avec la mise en place de la Responsabilité Elargie des Producteurs de tabac.",Déchets et Recyclage,30000,5 - Saint-Michel / Saint-Agne / Empalot / Le Busca / Ile du Ramier / Monplaisir,63,37,4171,5,Saint-Michel / Saint-Agne / Empalot / Le Busca / Ile du Ramier / Monplaisir,5.3,True,1
66,203,Installer des racks à vélos devant tous les commerces et les zones vertes,"Aujourd'hui non seulement il est difficile de circuler en vélos dans les quartiers de Toulouse (routes en mauvais état, voies dangereuses) mais en plus il est encore souvent difficile d'attacher son vélo devant un commerce (par exemple route d'Agde ou avenue Jean Chaubet) ou devant un espace vert (Argoulets, micro-forêt des Géants au dessus du COSEC de Rangueil). Plus il y aura d'offres de racks, plus il y aura de vélos et donc moins de voitures.Modalités de réalisation - Avis technique :Cette idée est réalisable, il est possible d'ajouter des racks sur des emplacements à définir dans le quartier.",Éco-mobilité,6000,11 - Bonhoure / Guilheméry / Château de l'Hers / Limayrac / Côte Pavée,75,73,604,11,Bonhoure / Guilheméry / Château de l'Hers / Limayrac / Côte Pavée,4.3,True,1
67,81,Aménager le Parc des Sept-Deniers avec un parcours sportif écologique,"Je propose d'aménager le Parc des Sept Deniers en y installant un parcours sportif écologique (en plastique recyclé).Modalités de réalisation - Avis technique :La Collectivité ne dispose pas encore de ce type d’équipement dans ces marchés publics. Par contre, il est possible d'installer très rapidement des équipements en bois qui pourraient s’intégrer parfaitement dans l’environnement car ils sont posés directement sur les espaces verts. Il faut compter environ 2 500 € par agrès.",Nature en ville,25000,7 - Sept Deniers / Ginestous-Sesquières / Lalande,25,69,484,7,Sept Deniers / Ginestous-Sesquières / Lalande,3.2,False,0
68,73,Vélo-rue aux Minimes,"Idée : une vélo-rue avec ralentisseurs dans la rue Lambic. Cette rue est etroite pour laisser passer à la fois les voitures et les vélos à double sens. D'une part, cette rue est particulièrement empruntee par les cyclistes. D'autre part, les voitures roulent très vite dans cette rue. Elle serait dans la continuité de la vélo-rue pour se rendre à la piscine (Impasse Barthe) et d' eviter le rond point barrière de Paris. EmmanuelleModalités de réalisation - Avis technique :Idée cohérente avec les aménagements existants de l’avenue des Minimes et les aménagements à venir sur l'avenue Frédéric Estèbe.",Éco-mobilité,30000,8 - Minimes / Barrière de Paris / Ponts-Jumeaux / La Vache / Raisins / Fondeyre,40,20,603,8,Minimes / Barrière de Paris / Ponts-Jumeaux / La Vache / Raisins / Fondeyre,3.1,False,0
69,136,Piste cyclable avenue Saint-Exupéry,"Lorsque l'on habite vers la place de l'ormeau, prendre le vélo pour aller en ville est dangereux. Ne serait il pas possible d'envisager d'y créer une véritable piste cyclable. Le besoin existe car il y a le collège Anatole France en bas de l'avenue. Une piste sécurisée permettrait aux collégiens de prendre le vélo. L'avenue étant étroite, ne pourrait il pas être envisagé un sens unique avenue Saint exupery et avenue Jean rieux.Modalités de réalisation - Avis technique :Amélioration des aménagements cyclables sur l'Avenue Saint-Exupéry. Ces aménagements transitoires seront, à terme, remplacés par le Réseau Vélo d'Agglomération.",Éco-mobilité,200000,12 - Pont des Demoiselles / Ormeau / Montaudran / La Terrasse / Malepère,492,35,634,12,Pont des Demoiselles / Ormeau / Montaudran / La Terrasse / Malepère,5.1,True,1
70,108,Installation de composteurs dans les écoles de la ville,"Installer des composteurs dans les écoles de la ville pour sensibiliser les enfants aux bonnes pratiques écologiques, réduire considérablement la part des déchets traités par les services d'ordures ménagères (1/3 de nos déchets sont compostables), fournir un engrais pour les espaces végétalisés des écoles, et enfin pour respecter la loi de transition énergétique et pour la croissance verte de 2015 qui prévoit la généralisation du tri à la source des biodéchets d’ici 2025.Modalités de réalisation - Avis technique :Il est possible d'équiper les écoles publiques du quartier de composteurs. L'installation de ces dispositifs est néanmoins soumis à l'engagement de l'équipe pédagogique à faire vivre le composteur.",Déchets et Recyclage,35000,4 - Lapujade / Bonnefoy / Périole / Marengo / La Colonne,47,55,716,4,Lapujade / Bonnefoy / Périole / Marengo / La Colonne,4.1,True,1
71,158,Plus de bancs dans les rues,"Je propose que des bancs soient ajoutés dans tous les quartiers, avec une densité suffisante pour pouvoir permettre à toutes les personnes fatigables de continuer à sortir et à marcher en ayant l'assurance de pouvoir se reposer régulièrement. Ceci contribuerait à la préservation de l'autonomie des personnes âgées. À titre d'exemple, je vois souvent un couple de personnes âgées à pied dans mon quartier, faisant des pauses inconfortables sur les murets des jardins, ou autres appuis de fenêtre.... De même ma grand-mère a arrêté d'aller à la poste à pied car elle était obligée de faire l'aller-retour d'une seule traite, alors qu'avec une pause, cela lui était tout à fait possible. Elle est donc devenue dépendante de nous pour y aller...Modalités de réalisation - Avis technique :Un recensement et un diagnostic du mobilier urbain dans le quartier seront réalisés afin d’identifier précisément les interventions à mener. Une vingtaine de chaises pourraient être installées, notamment devant les équipements publics, les arrêts de bus les plus fréquentés qui n’en seraient pas équipés, sur la coulée verte.",Cadre de vie,10000,20 - Arènes Romaines / Ancely / Saint-Martin du Touch / Purpan,13,27,1110,20,Arènes Romaines / Ancely / Saint-Martin du Touch / Purpan,6.1,False,0
72,182,"Aménagement de cours ""OASIS"" à l'école élémentaire Victor Hugo","Les cours de l'école élémentaire Victor Hugo dans le quartier de Bellefontaine auraient besoin d'être rénovées. L'aménagement des cours en espaces plus rafraichis, plus agréables à vivre et mieux partagés par tous améliorerait le bien être des enfants du quartier. Il serait souhaitable de proposer des espaces plus naturels, davantage de végétation, une meilleure gestion des eaux de pluie et des points d'eau, des aménagements plus ludiques et adaptés aux besoins des enfants, des coins calmes et une meilleure répartition de l'espace. Ces cours pourraient devenir des ""espaces de fraicheur"" utilisés également par les centres de loisirs notamment en juillet et Août. Ces cours ""Oasis"" prendraient tout leur sens pendant les périodes chaudes qui s'allongent au fil des années.Modalités de réalisation - Avis technique :Une cour oasis prévoit des aménagements différents de ceux habituellement entrepris dans les cours d’école, avec du mobilier et des jeux en bois, des plantations de végétaux de vivaces, d’arbres et d’arbustes, des espaces de pleine terre recouverts de copeau de bois.Les cours des écoles Victor Hugo, comme une cinquantaine de cours sur les 210 cours d’écoles de la ville, sont potentiellement identifiables au titre des futures cours oasis. La réussite de ce projet repose également sur la mobilisation des professionnels du site.",Nature en ville,200000,17 - Mirail-Université / Reynerie / Bellefontaine,33,62,1352,17,Mirail-Université / Reynerie / Bellefontaine,6.3,True,1
73,185,Un city stade pour les enfants de moins de 11ans,"Cette idée a été transmise via un formulaire papier par Nejma. Pour le quartier Reynerie - Rue Jean Gilles. Les grands du quartier utilisent le city-stade actuel, les petits n'ont pas la possibilité d'utiliser l'existant car beaucoup d'ados occupent le city-stade. Un deuxième city-stade ne serait pas de trop. + installer un filet de protection -> importance +++Modalités de réalisation - Avis technique : Un filet pare-ballon va être installé entre le City-stade et l’aire de jeux. Ce type de demande pour les 4-11 ans est récurrente, il est difficile pour eux de se faire une place sur les city stade lorsqu’ils sont occupés par les plus grands. Une solution de mini-city (buts brésiliens) ou un autre équipement sportif pourrait être installé en réponse à cette idée.",Cadre de vie,65000,17 - Mirail-Université / Reynerie / Bellefontaine,6,48,771,17,Mirail-Université / Reynerie / Bellefontaine,6.3,False,0
74,86,Zone verte des Ponts-Jumeaux : équipements sportifs,"La zone verte des Ponts-Jumeaux, entre la rue des Sports et la rocade, est un espace intéressant, très grand, un peu sauvage, mal aménagé. La Mairie pourrait remettre à niveau les jeux d’enfants, mettre un espace pique-nique mais également aménager peut-être réaménager les grands terrains de football aujourd’hui en sable en terrains synthétiques, éventuellement le réduire de taille pour en faire deux, un de foot et un de rugbyModalités de réalisation - Avis technique :L'aménagement du terrain en sable en 2 terrains synthétiques est possible mais cela dépasserait le budget alloué. Afin de rester dans un budget de moins de 200 000 euros par idée, il est proposé la mise en place d'un seul terrain en synthétique (sur les 2 proposés, soit foot, soit rugby) à définir ultérieurement.",Cadre de vie,150000,7 - Sept Deniers / Ginestous-Sesquières / Lalande,59,51,787,7,Sept Deniers / Ginestous-Sesquières / Lalande,3.2,True,1
75,93,Réduire la pollution sonore,"La pollution sonore induite par la densification du quartier devient très problématique et un obstacle au bien-vivré ensemble. Les 2-roues en sont la principale source (vitesse excessive, moteurs et échappements trafiqués). Serait-il possible de mener une campagne de sensibilisation et installer des radars sonores (Chemin des izards, route de Launaguet…) ?Modalités de réalisation - Avis technique :Il n’existe actuellement pas de radar-sanction vis-à-vis du bruit des véhicules. Nous pouvons néanmoins installer un radar pédagogique, qui à l’aide d’un panneau lumineux, indiquerait aux conducteurs, si le niveau de bruit de leur véhicule motorisé est conforme ou non. Le budget est de 30 000 euros en investissement, plus 5 000 euros par an de fonctionnement.",Cadre de vie,35000,9 - Trois Cocus / Borderouge / Croix-Daurade / Paléficat / Grand Selve,33,27,762,9,Trois Cocus / Borderouge / Croix-Daurade / Paléficat / Grand Selve,3.3,True,1
76,56,Un verger pour les enfants du bitume (plantation d’arbres fruitiers dans le quartier ),"ALIMECO est une association à but non lucratif créée en 2020 suite à la crise sanitaire pour répondre à l'urgence alimentaire des familles. Elle concerne tous les habitants des quartiers de BAFAPATABOR (Bagatelle, Faourette, Papus, Tabar et Bordelongue). ALIMECO est constituée de 40 bénévoles, d'une salariée à temps partiel et a pour ambition de développer l'autonomie alimentaire sur ces quartiers. Dans l’esprit du plan municipal « 100 000 arbres à Toulouse d’ici 2030 », nous proposons l'idée d'un projet pérenne et constructeur: implanter à BaFaPaTaBor 300 arbres fruitiers, dont chacun porterait symboliquement le prénom d’un enfant ou d’un jeune , dans ces quartiers où 10 000 résidents ont entre en 0 et 17 ans. Les objectifs sont multiples: : 1) Maintenir et enrichir la biodiversité dans un quartier très urbanisé : les espèces arboricoles implantées seront totalement adaptées au biotope toulousain; 2) Impliquer les habitants à prendre soin du vivant, de manière vertueuse sur le plan écologique, en cohérence avec la « Charte de l’Arbre à Toulouse"" 3) Promouvoir l’accès à une alimentation de qualité, provenant de source saine et et de saison (vocation principale d’ALIMECO) : récolte, transformation, conservation, via la Maison de Quartier de Bagatelle par exemple; 4) Créer un parrainage durable « Un arbre, un jeune, un prénom » en recréant le lien entre le vivant et ces quartiers que précarité économique et sociale tiennent souvent éloignés de ces thématiques pourtant essentielles.Modalités de réalisation - Avis technique :Plantation d'une centaine d’arbres fruitiers répartis sur deux espaces verts afin de créer un verger à destination des habitants du quartier. Des analyses plus poussées seront réalisées avant les plantations afin de vérifier la pollution des sols.",Nature en ville,100000,16 - Fontaine-Lestang / Arènes / Bagatelle / Papus / Tabar / Bordelongue / Mermoz / La Faourette,64,86,1794,16,Fontaine-Lestang / Arènes / Bagatelle / Papus / Tabar / Bordelongue / Mermoz / La Faourette,2.3,True,1
77,10,Voilage d'ombres sur les jeux public de plein air pour enfants,"Plusieurs jeux à destination des tout petits ou plus grands sont en plein soleil à Toulouse: - Place Saint Georges - Place Occitane - Raymond VI - Borderouge -Jardin Niel D'autres exemples sont possibles ! Tobogans brulants, coups de chaud.... ils sont impraticables... La mairie pourrait assez facilement installer des voilages suspendus en hauteur accrochés à des piquets comme cela se pratique au Portugal ou en Espagne afin de les rendre ombragés.Modalités de réalisation - Avis technique :D'un point de vue technique, il n'est pas possible de prévoir une telle installation sur l’aire de jeux située place Saint Georges, en raison de la hauteur de la structure.Quant à l'aire de jeux située place Occitane (ou espace ludique), se situant sur une dalle de bâtiment, il n’est pas possible de réaliser des fondations, pourtant indispensables en raison des forces qui seraient exercées par les voiles sur les poteaux lors de grand vent.Dans l'hyper centre, les autres aires de jeux sont toutes ombragées par des arbres (place du Salin, pays d’oc, Carthaillac, square de Gaulle…) à l'exception de celle située à Port-Garaud. Si l'idée est lauréate, elle sera réalisée sur le site de Port Garaud, sous réserve de l'accord préalable de l'Architecte des Bâtiments de France.",Cadre de vie,10000,1 - Capitole / Arnaud Bernard / Carmes,31,62,1271,1,Capitole / Arnaud Bernard / Carmes,1.1,False,0
78,83,Aire sportive et ludique intergénérationnelle autour d'un pumptrack,"Pourquoi une aire de jeu intergénérationnelle ? Parce-qu'il est bon de jouer ensemble ! Bon pour la santé, physique et psychologique, bon pour la solidarité et le bien vivre ensemble. Et intergénérationnelle ? Parceque les adultes aussi devraient jouer, évacuer le stress, réduire les tensions, connaître leurs voisins. Et pourquoi un pumptrack ? Cette activité sportive est ludique dès 2-3 ans, jusqu'à 80 ans. La piste de pumptrack permet de faire des sports non polluants, peut être entourée de verdure, voire d'autres ateliers d'équilibre ou de gym, qui amuseront petits et grands. Le sport, les activités en extérieur, amènent un état d'esprit plus positif globalement. Les gens se rapprochent et communiquent autour des sports. Notre famille a pu parcourir plusieurs pumptrack : l'ambiance y est toujours bienveillante, les gens discutent entre eux, ont soif de partager. On y retrouve bien souvent des familles qui amènent de petits enfants, et les parents se laissent tenter de reprendre un sport qu'ils avaient mis de côté parfois, dans le rythme métro boulot marmots ! Aussi c'est une installation ""montante"" : il s'en construit de plus en plus, la popularité et l'utilisation de ces structures ne cessent de croître. Toulouse va forcément y penser, alors pourquoi pas dans notre quartier ? Le quartier familial des Sept Deniers a bien le même esprit que le pumptrack, dynamique, intergénérationnel, solidaire, bienveillant et respectueux de la nature. Vous trouverez en suivant un lien vers un constructeur : www.bikesolutions.fr. Il en existe d'autres. Je vous remercie pour l'attention que vous portez aux citoyens. Bien à vous,Modalités de réalisation - Avis technique :Cette idée est réalisable, il faut identifier un foncier pour réaliser le projet. Si l'idée venait à être lauréate de l'appel à idées, une concertation serait alors lancée avec les associations du quartier et les habitants du quartier afin de sélectionner un site d'implantation. Cet aménagement est estimé entre 150 000 € et 200 000 € en fonction de la longueur et largeur de piste (100 €/m2).",Cadre de vie,150000,7 - Sept Deniers / Ginestous-Sesquières / Lalande,26,67,2078,7,Sept Deniers / Ginestous-Sesquières / Lalande,3.2,False,0
79,112,Rond point allée Brunaud quartier Roseraie,"Revoir le tracé de sortie du rond point allée Brunaud vers roseraie bordure trottoir souvent démolie car circulation très dangereuse si dépassement car il y a double file , et en sortie de la file droite on déborde sur la file gauche: la pratique c'est mieux que la théorie pour le tracé des ronds points MAXModalités de réalisation - Avis technique : Cette idée est réalisable.",Cadre de vie,8000,10 - Jolimont / Soupetard / Roseraie / Gloire / Gramont / Amouroux,8,42,378,10,Jolimont / Soupetard / Roseraie / Gloire / Gramont / Amouroux,4.2,False,0
80,126,Aménagement berge canal du midi ,"Port st sauveur enlevez les places de parking et aménager en pelouse et espaces verts.Modalités de réalisation - Avis technique :Il est proposé d'aménager cet espace en proposant des mesures d’urbanisme tactique et transitoire. si cette idée est retenue, il est possible d'améliorer les traversées piétonnes entre le pied de façade et les berges, d'interdire le stationnement des véhicules et de créer un espace piéton dédié pour le quai rive droite. Si la végétalisation n’est pas l’objectif initial envisagé (car c’est l’esprit du port et du quai qui au sens de l’étude Grand Parc Canal doit prévaloir), il est proposé dans ce projet : la pose de grandes tablées, de mobilier d’assises, qui pourront être associées à des ombrières afin d’offrir de l’ombre aux heures les plus chaudes. Cet aménagement permettra de promouvoir de nouveaux usages à la fois apaisés et conviviaux.",Nature en ville,170000,11 - Bonhoure / Guilheméry / Château de l'Hers / Limayrac / Côte Pavée,103,32,878,11,Bonhoure / Guilheméry / Château de l'Hers / Limayrac / Côte Pavée,4.3,True,1
81,31,Aire de jeux pour enfants ,"Installation d une aire de jeux pour les jeunes enfants ( toboggan, portiques .....) et bancs pour les parents , les grands parents ou les nourrices dans ce joli square bien arboré qui serre actuellement de urinodrome canin situé au bout de la rue des arcs saint cyprien , bout de la rue de cugnaux , face clinique , à côté école proximité allées Charles De Fitte Et je n ai pas trouvé le nom de ce petit square....Modalités de réalisation - Avis technique :Une piste peut être envisagée concernant le réaménagement du jardin Clémence Isaure afin de mieux s’adapter aux usages actuels, en prévoyant des espaces libres permettant d’accueillir un grand nombre de collégiens sur un court moment et en offrant de véritables espaces de détente aux riverains et aux usagers (par la mise en place de bancs, de chaises et de corbeilles). A noter que le jardin étant un Espace Boisé Classé et qu’il se situe en périmètre de Monument Historique, l’aménagement sera contraint par les règles d’urbanisme et devra s’orienter vers un jardin de proximité peu aménagé avec un renfort de la strate arboré et végétale actuelle et des matériaux de sols naturels. La mise en place d’une aire de jeux classique pourrait être réalisée dans ce jardin, mais pour information, une aire de jeux vient d'être construite à proximité, au niveau de l'espace vert face à l'école Maternelle Patte d'oie sur la rue de Cugnaux.",Cadre de vie,100000,6 - Saint-Cyprien,9,26,1393,6,Saint-Cyprien,2.1,False,0
82,49,"Corriger les discontinuités entre les pistes cyclables Bd Déodat de Séverac, l'arrêt de tram Croix de Pierre et le pont","Les pistes cyclables à croix de pierre mériteraient d'être réaménagées. Il y a une discontinuité entre la piste bd deodat de severac et les deux pistes cyclables (rond point Pierre Bourthoumieux) amenant au pont de Croix de Pierre. Sur la piste cyclable on trouve notamment une station velib, un arbre, un aménagement en dur pour empêcher le stationnement. Les voyageurs tisseo sortant du tram pour aller au carrefour city traversent également la piste cyclable. De plus en plus de gens prennent le vélo et ces discontinuités et carrefour de mobilité entre tram piéton et vélo sont accidentogènes.Modalités de réalisation - Avis technique :Amélioration de la continuité cyclable entre le boulevard Déodat de Severac et le rond point Pierre Bourthoumieux en transformant la piste bidirectionnelle en une piste unidirectionnelle en allant vers la place Croix-de-PIerre, avec un retour qui se ferait par la contre allée, via l'ajout de logos vélos et d'aplats vert. Egalement, le carrefour à feux pourrait être modifié pour faciliter la circulation des cyclistes.",Éco-mobilité,70000,15 - Croix de Pierre / Route d'Espagne,51,119,1060,15,Croix de Pierre / Route d'Espagne,2.2,True,1
83,179,Augmenter l'Installation de L'arbre Algal dans Toulouse,"Cet épurateur d'air est un dispositif bénéfique pour la qualité de l'air de Toulouse. Ses implantations doivent se voir augmenter notamment dans des zones stratégiques de forte pollution de l'air comme la gare de Matabiau ou bien la station de métro de basso cambo.Modalités de réalisation - Avis technique :L’arbre algal est un épurateur d’air constitué de microalgues, avec une capacité d’absorption équivalent à 50 arbres. L’expérimentation menée par Toulouse Métropole en 2020 a permis de démontrer que le dispositif fonctionne et est efficace contre les micropolluants. Afin d’avoir un impact sur le CO2, il faut cibler des zones particulièrement exposées (environnements urbains générant une forte concentration, une dispersion lente). Une analyse d’opportunité du site devra compléter le déploiement de cette solution sur le quartier.",Nature en ville,80000,17 - Mirail-Université / Reynerie / Bellefontaine,5,55,841,17,Mirail-Université / Reynerie / Bellefontaine,6.3,False,0
84,80,Installer des échiquiers au Jardin Claude Nougaro,"L'installation d'échiquiers formant partie du mobilier urbain du jardin serait un grand atout pour ce lieu. En effet, ces tables permettraient de jouer aux échecs et aux dames en apportant ses pièces mais seraient aussi un lieu de rencontre pour les gens du quartier. Elles permettraient aussi aux jeunes du quartier de découvrir ces jeux.Modalités de réalisation - Avis technique :Idée qui allie l’objectif de la pratique d’un jeu non bruyant en ayant la fonctionnalité d’une table en dehors de cette activité. Le nombre de table sera à définir en fonction du remplacement de mobilier existant déjà important sur ce jardin Claude Nougaro (3 000 euros par table).",Cadre de vie,3000,8 - Minimes / Barrière de Paris / Ponts-Jumeaux / La Vache / Raisins / Fondeyre,9,49,663,8,Minimes / Barrière de Paris / Ponts-Jumeaux / La Vache / Raisins / Fondeyre,3.1,False,0
85,167,Terrain Multi Activités à proximité du Touch,"Nous pourrions aménager les terrains de Tennis qui sont à l'abandon en bord du Touch, en Terrain Multi Activités, qui serait très apprécié par l'ensemble des riverains et citoyens de la ZAC de Saint-Martin-du-Touch.Modalités de réalisation - Avis technique :La création d’un terrain multisport prend tout son sens dans le cadre du réaménagement de la ZAC Saint-Martin du Touch et du projet « Parc du Touch ». Cette proposition pourrait déboucher sur la réhabilitation du site des terrains de tennis, en réalisant une aire sportive (city stade).",Cadre de vie,150000,20 - Arènes Romaines / Ancely / Saint-Martin du Touch / Purpan,49,44,544,20,Arènes Romaines / Ancely / Saint-Martin du Touch / Purpan,6.1,False,0
86,187,Espace de jeux Place Niki de St-Phalle,"La place Niki de St-Phalle étant une place centrale du quartier de Bellefontaine, il serait intéressant d'y créer un espace plus vivant avec des tables de ping-pong en béton comme il en existait à l'époque, avant la destruction d'immeuble Candilis, la création également d'un City Stade avec gazon synthétique pour réinsufflé à nouveaux les rdv des joueurs du dimanche et les enfants, une dynamique sportive. Crever les écrans.Modalités de réalisation - Avis technique : La collectivité travaille à rendre plus agréable la place Niki de St-Phalle par la débitumisation et l’installation d'aires de pique-nique.Ce projet pourrait être complété, si l'idée est lauréate par l’installation de table(s) de ping-pong et le changement de surface du city-stade. Ce qui serait pertinent et permettrait de redonner du dynamisme à cette place qui sera démolie à horizon 2028-2029.",Cadre de vie,39000,17 - Mirail-Université / Reynerie / Bellefontaine,2,38,869,17,Mirail-Université / Reynerie / Bellefontaine,6.3,False,0
87,120,Jeux d'Ooo dans la ville,"1 climatisation urbaine sur le principe égyptien, vieux principe : terre cuite et eau fraiche créent un effet rafraichissant une grande sculpture en terre cuite, une petite pompe solaire, peu d'eau (elle circule en continue), l'eau mouille la terre et crée un effet ""frais"". Localisation : parc Saccarin Étude de faisabilité : à venirModalités de réalisation - avis technique :La collectivité ne disposant pas de marché public pour l'installation des dispositifs dits ""de clim égyptienne"", cette idée ne respectera pas le délais de deux ans pour sa réalisation, cette partie de l'idée n'est donc pas soumise au vote. En revanche, pour la partie de la proposition consistant à installer des jeux d'eau pour les enfants, il est possible d'installer un dispositif de type brumisateur. A noter toutefois que ce parc est ombragé, les sites exposés au soleil sont plus pertinents pour ce type d'installation.",Cadre de vie,20000,11 - Bonhoure / Guilheméry / Château de l'Hers / Limayrac / Côte Pavée,8,24,902,11,Bonhoure / Guilheméry / Château de l'Hers / Limayrac / Côte Pavée,4.3,False,0
88,19,Éclairage nocturne à détecteur de mouvements ,"Je propose un éclairage publique nocturne à détecteur de mouvements. Les éclairages publics sont éteints de nuit et ne se déclenchent que lors de mouvements pour qq minutes - garantissant la sécurité. Cela serait possible sur la coulée verte (Amidonniers) entre autre. Ce système est déjà en test dans qq communes en France (en Haute-Vienne par ex). Cela permet de faire des économies et d’améliorer l’endormissement et le sommeil des êtres humains et des oiseaux (cf. Études sur le sujet) L’investissement est faible et la mise en œuvre rapide, le retour sur investissement évident autant financièrement que sur le bien être des citoyens. En espérant que cette idée soit prise en compte, merci!Modalités de réalisation - Avis technique :L’intelligence embarquée dans l’éclairage public est la solution « intelligente » pour éclairer et consommer juste, tout en préservant la faune et la flore mais la solution technique de la détection de « présence » par radar infra rouge n’est pas optimale: cette technique ne propose pas une garantie suffisante de détection dans le temps et l’espace (les ambiances thermiques externes ne permettent pas une détection consolidée en cas de chaleur estivale, ce qui annule l’effet positif attendu sur la faune et la flore).Le système en service sur la commune de Toulouse repose sur la détection de « formes » humaines, apportant la lumière uniquement en cas d’usage avéré de l’espace public. La détection de forme s’entend de formes humaines en mobilité.Ce système est en service depuis 2018 sur 2000 appareils de la ville de Toulouse et a vocation à être étendu dans les prochaines années.",Énergie,200000,2 - Amidonniers / Compans-Caffarelli / Brouardel,189,45,1627,2,Amidonniers / Compans-Caffarelli / Brouardel,1.2,True,1
89,177,Terrain couvert au niveau du boulodrome,"Cette idée a été transmise via un formulaire papier par Bouliste. Construction d'un boulodrome couvert pouvant être utilisé par l'école Ferdinand, le club des ainés, CLAE ou l'ensemble des associations. Demande en cours auprès de la mairie.Modalités de réalisation - Avis technique :La proposition d’un terrain couvert devra permettre la pratique de la pétanque et du basket. La surface couverte abritera un terrain de boule qui pourra être mis à disposition pour d’autres manifestations. La partie non-couverte sera réservée à un terrain de basket 3x3.",Cadre de vie,200000,18 - Lardenne / Pradettes / Basso-Cambo,189,39,553,18,Lardenne / Pradettes / Basso-Cambo,6.2,True,1
90,92,Végétaliser le parking du cimetière de Croix Daurade,Le parking de l’impasse du cimetière de Croix Daurade est une grande flaque de bitume; cela avait du sens quand il accueillait les bus du lycée mais aujourd’hui il est venu le temps de verdir cette flaque de bitume: dalles engazonnées de stationnement et arbres 🌳 ferait un grand bien à l’environnement de notre quartier.Modalités de réalisation - Avis technique :Opération de nature à végétaliser et donc à débitumiser le parking actuel cela nécessite un entretien du fait de son état dégradé.,Nature en ville,200000,9 - Trois Cocus / Borderouge / Croix-Daurade / Paléficat / Grand Selve,21,52,494,9,Trois Cocus / Borderouge / Croix-Daurade / Paléficat / Grand Selve,3.3,True,1
91,186,De l'art sur les murs aveugles,"L'idée serait déjà de recenser les murs aveugles dans la ville et d'y proposer des œuvres de taille importante.La photo de Claude Nougaro à Saint Pierre en est un exemple mais il y a aussi pleine de grandes villes qui proposent des fresques.Introduire l'art dans le quotidien et pas seulement dans les musées. Les toulousains et les touristes pourraient faire des photos devant et promouvoir la ville via les réseaux sociaux.Modalités de réalisation - Avis technique :Dans la continuité des projets autour du graff portés par les bailleurs et Toulouse Métropole sur Bellefontaine et des projections de dessin sur les façades de certains immeubles de la Reynerie, le quartier 6.3 est bien doté en valorisation de ses façades. Cette idée pourrait abonder l’idée d’une cité du graff à Bellefontaine ou le projet de reportage photo sur le quartier de la Reynerie.",Cadre de vie,100000,17 - Mirail-Université / Reynerie / Bellefontaine,10,30,859,17,Mirail-Université / Reynerie / Bellefontaine,6.3,False,0
92,16,Poursuivre la piste cyclable allée de Brienne jusqu’à l’avenue Paul-Séjourné,"Poursuivre la piste cyclable allée de brienne jusqu'à l avenue paul séjournéModalités de réalisation - Avis technique :Les allées de Brienne disposent à ce jour d'une liaison cyclable entre l’école des Amidonniers et la trémie de l'avenue Séjourné (bande cyclable sur voie et contre-allées).Cependant, à partir de la trémie, il n’y plus aucun aménagement notamment pour rejoindre l’Avenue Paul Séjourné qui est identifiée comme un axe structurant du Réseau Express Vélo (REV).Il est donc possible de réaliser une piste cyclable sur cette portion de l’allée de Brienne: ce projet nécessite la suppression du stationnement existant et l’abattage des arbres plantés entre le passage inférieur et la remontée sur l’avenue Séjourné.",Éco-mobilité,200000,2 - Amidonniers / Compans-Caffarelli / Brouardel,71,76,727,2,Amidonniers / Compans-Caffarelli / Brouardel,1.2,True,1
93,44,Nichoirs à martinets et chauve souris + pièges à larves ou à adulte de moustique tigre,"Afin de limiter l'impact des moustiques (tigres et autres) je propose de booster la population des chasseurs naturelles de ces insectes en installant des nichoirs dans les quartiers. voir même en distribuer aux résidents pour qu'ils les installent. Des pièges à larves ou à adultes doivent être installés pour maximiser le travail de combat contre ces nuisibles. Rejoint la proposition de ""Citoyen"" pour le quartier 3.3 Cette proposition devrait être généralisée dans tous les quartiers, surtout dans les parcs et les espaces verts.Modalités de réalisation - Avis technique :Aménagement de 40 pièges pondoirs et installation d’un nichoir à hirondelle sur le quartier pour lutter contre les moustiques tigres.  Les nichoirs à chauve-souris sont moins pertinents car les chauves-souris ont une activité crépusculaire voire nocturne, et les moustiques tigres piquent particulièrement en journée (matinée et début de soirée avant la tombée de la nuit), de fait ce ne sont pas les prédateurs les plus efficaces pour lutter contre ces moustiques.",Nature en ville,11200,15 - Croix de Pierre / Route d'Espagne,125,86,1040,15,Croix de Pierre / Route d'Espagne,2.2,True,1
94,74,Jardin pédagogique,"Dés les 1er mois, les enfants sont sensibles à beaucoup de choses. Un tel lieu serait un formidable espace de pédagogie et un véritable lieu d’exploration. Il permettrait de développer leur sensibilité à l’environnement. Ce serait aussi un espace où les professionnels de la petite enfance pourraient s’exprimer, initier des activités créatives. Ce lieu serait accessible aux professionnel(les) de la petite enfance mais aussi aux parents et grands-parents qui le souhaitent. Cet environnement serait un levier indispensable pour répondre aux besoins fondamentaux des bébés (cognitifs, émotionnels, psychologiques et d’expression par le langage). Le contact avec la nature conditionne le développement et le bien-être d'un enfant et d'autant plus pour celui d'un enfant citadin. Un tel endroit favoriserait sa curiosité, sa construction et son épanouissement. Au-delà même du jardinage, le jardin et la nature sont de formidables espaces de créativité. Un tel environnement permet tout à fait l’éveil artistique et culturel des jeunes enfants. La nature fournit en effet aux enfants des opportunités uniques d’apprentissage que ce soit en matière d’engagement, de prise de risques, de découverte, de maîtrise des situations, d’estime de soi et de créativité. Chaque professionnel(les) de la petite enfance y puiseront des idées pour savoir comment intégrer l’éveil à la nature, la créativité et la culture, l'histoire qui lui est liée, dans leur pratique quotidienne. Une variété de projets pourrait s'y développer, tous reliés par le souci de faire vivre ce lieu comme un espace d’ouverture à la créativité, à l'enrichissement de l'environnement du jeune enfant et à tisser des liens dans le quartier. ""La période de la conception aux deux premières années de la vie après la naissance sont déterminantes pour le développement de l’enfant et la santé de l’adulte qu’il deviendra"" : selon le rapport des 1000 premiers jours.Modalités de réalisation - Avis technique :Cette idée est réalisable sur le parc de la Vache. Le service municipal compétent pourra être support pour le choix de la palette végétale et le gros entretien mais il conviendra d’associer un acteur associatif pour la gestion courante et pédagogique. Cette idée sera donc conditionnée à cette organisation.",Nature en ville,10000,8 - Minimes / Barrière de Paris / Ponts-Jumeaux / La Vache / Raisins / Fondeyre,29,18,2274,8,Minimes / Barrière de Paris / Ponts-Jumeaux / La Vache / Raisins / Fondeyre,3.1,False,0
95,9,Pénaliser les motards bruyants,"J’aimerai sensibiliser nos amis motards à la réduction du bruit en ville. Des contrôles sur la base de la prévention permettrait de faire appliquer la loi qui est située entre 66dB et 80dB en fonction des cylindrées. Je sais que des radars de sons seront bientôt en test mais une simple mise en conformité et un emplacement judicieux en ville (au croisement de Metz et Languedoc) permettrait au force de l’ordre de réduire rapidement le bruit de la centaine de motards qui circulent en centre ville en faisant un bruit non homologué.Modalités de réalisation - Avis technique :Il n’existe actuellement pas d'équipement de type radar capable de sanctionner le bruit des véhicules.Néanmoins, il est possible d'installer un radar pédagogique lequel, à l’aide d’un panneau lumineux, indiquerait aux conducteurs si le niveau sonore émis par leur véhicule motorisé est conforme ou non.Coût de fonctionnement: 5 000 euros par an.",Cadre de vie,30000,1 - Capitole / Arnaud Bernard / Carmes,174,30,921,1,Capitole / Arnaud Bernard / Carmes,1.1,True,1
96,41,Végétaliser Croix de Pierre (végétalisation de l'avenue de Muret),"Vegetaliser les espaces de circulation du tramway lorsqu’il roule en espace dédié et ajouter sur la place croix de Pierre des espaces cultivés avec des fleurs. Laisser se développer les arbres Avenue de Muret sans réaliser des coupes sévèresModalités de réalisation - Avis technique :Végétalisation de l’avenue de Muret afin de réduire les surfaces bétonnées sur cet axe. Concernant la partie du Fer à Cheval à la place Croix-de-Pierre, il s’agit d’une végétalisation des pieds d’arbres. Concernant la partie de Croix-de-Pierre au rond-point du 21 septembre, la végétalisation serait réalisée en remplaçant certaines places de stationnement. Devant l’école élémentaire Maurice Bécane, cela permettrait notamment de sécuriser l’espace d’attente des enfants et parents.  S’agissant du tramway, cette piste n’a pas été retenue car le foncier appartient à Tisseo et non à la collectivité. La proposition d’espaces cultivés et fleuries n’a pas été étudié dans le cadre du budget participatif mais sera étudié dans le projet de réaménagement de la place Croix-de-Pierre. Enfin, les tailles en rideaux sur l’avenue de Muret sont effectuées afin de sécuriser le passage du tramway.",Nature en ville,200000,15 - Croix de Pierre / Route d'Espagne,79,65,1173,15,Croix de Pierre / Route d'Espagne,2.2,True,1
97,201,Voilage d'ombres sur les jeux public de plein air pour enfants,"Plusieurs jeux à destination des tout petits ou plus grands sont en plein soleil à Toulouse: - Place Saint Georges - Place Occitane - Raymond VI - Borderouge -Jardin Niel D'autres exemples sont possibles ! Tobogans brulants, coups de chaud.... ils sont impraticables... La mairie pourrait assez facilement installer des voilages suspendus en hauteur accrochés à des piquets comme cela se pratique au Portugal ou en Espagne afin de les rendre ombragés.Modalités de réalisation - Avis technique :Idée pertinente sur des aires de jeux ne profitant pas d’ombrage naturel. L’aire de jeux Borderouge peut se prêter à l’expérimentation. Un chiffrage plus détaillé et une implantation seront précisés si l'idée est lauréate.",Cadre de vie,10000,9 - Trois Cocus / Borderouge / Croix-Daurade / Paléficat / Grand Selve,34,62,716,9,Trois Cocus / Borderouge / Croix-Daurade / Paléficat / Grand Selve,3.3,True,1
98,194,Implanter des panneaux signalétiques Lafourguette,"Le quartier Lafourguette est méconnu des toulousains et très souvent confondu avec La Faourette alors qu’il s’agit d’un très ancien quartier villageois de Toulouse. Alors que les habitants de Lafourguette en font la demande depuis 1980, notre quartier ne figure sur aucun panneau directionnel du sud toulousain, hormis au croisement d’Eisenhower. Nous proposons donc que cette anomalie soit corrigée pour :-	Faciliter l’accès à notre quartier, à tous les points d’entrée : route d’Espagne, échangeurs de l’A64, périphérique, rond-point du 21 septembre, etc. -	Permettre aux toulousains d’identifier notre quartierModalités de réalisation - Avis technique : Un état des lieux de la signalisation concernant la mention « La Fourguette », a montré que celle-ci était signalée sur 7 panneaux. Toute la signalisation mise en place au sein d’une collectivité est soumise à un schéma directeur préalablement étudié et validé par les services de l’État. Celui-ci a pour objectif de diriger les usagers d’un point A à un point B via les voies d’accès les mieux calibrées et dont le gabarit est en adéquation avec le flux des automobilistes et l’importance du pôle indiqué. Chaque pôle mentionné sur les panneaux sont classifiés selon leur attractivité qui est représentée à l’aide d’indicateurs adaptés. Pour les quartiers : leur population (au sens de l’INSEE), au nombre d'emplois secondaires et au nombre d'emplois tertiaires, associée à leur distance de l'infrastructure. Si le quartier de La Fourguette n’est pas mentionné sur le périphérique ou autres grands axes pénétrant de la ville de Toulouse, c’est que ce pôle ne remplis pas les critères imposés par la réglementation.Au vu de ces éléments, un panneau « La Fourguette » peut être ajouté au niveau du rond-point du 21 Septembre entre la route d’Espagne et la route de Seysses.",Cadre de vie,1500,14 - Saint-Simon / Lafourguette / Oncopole-Campus Santé du Futur,6,49,1829,14,Saint-Simon / Lafourguette / Oncopole-Campus Santé du Futur,6.4,False,0
99,34,"Réaménagement piéton, vélos et végétalisation allées Charles de Fitte","L'Allée Charles de Fitte mériterait quelques simples aménagements pour favoriser et faciliter son emprunt par les piétons et les vélos. Surtout sur le secteur entre Fer-à-Cheval et la Place Saint-Cyprien. Aujourd'hui, les bus, les voitures et les camions ont la part belle sur cette voie, tandis que les piétons slaloment entre-eux et les déjections en tous genres sur des trottoirs trop étroits. Quand aux vélos, ils subissent la menace des bus et remontées intempestives des motards ou automobilistes énervés. Mes propositions: 1) un marquage au sol remanié et mieux identifié pour que tout le monde y trouve sa place en sécurité. 2) des zones de stationnement redéfinies et plus efficaces. Par exemple en créant des zones de rangement en épis, plutôt qu'en bordure des trottoirs. 3) toujours plus d'arbres et de végétalisation, notamment autour de la clinique/maternité, pour le bonheur de ces nouveaux-nés et leurs parents.Modalités de réalisation - Avis technique :Réaménager d’une manière temporaire les allées Charles de Fitte afin de faciliter, clarifier et homogénéiser les liaisons cyclables en aménagement des couloirs bus et vélos. Il ne s’agit que d’un aménagement tactique car ces allées ont été identifiées comme un axe structurant du réseau express vélo et feront donc l’objet d’un aménagement plus conséquent dans les années à venir. Également, une végétalisation des îlots latéraux entre les arbres existants sera réalisée si le projet est voté.",Éco-mobilité,175000,6 - Saint-Cyprien,206,69,1463,6,Saint-Cyprien,2.1,True,1
100,127,Un rucher en ville,"Cette idée a été transmise via un formulaire papier par DMP. Apicultrice amateur, je souhaite mettre en place un rucher vers les jardins partagés de Toulouse/ La Plaine. Ce rucher pourrait être l'occasion de sensibiliser les habitants du quartier à la préservation des abeilles et à leur importance dans l'écosystème. La mise en place d'un petit rucher pourrait être l'occasion d'animation avec le quartier et avec d'autres apiculteurs.Modalités de réalisation - Avis technique : Après analyse des services il est envisageable, sous réserve de respecter les exigences imposées en la matière par arrêté préfectoral, d'installer ce mobilier.",Nature en ville,3000,11 - Bonhoure / Guilheméry / Château de l'Hers / Limayrac / Côte Pavée,33,18,639,11,Bonhoure / Guilheméry / Château de l'Hers / Limayrac / Côte Pavée,4.3,False,0
101,53,Végétalisation d'ombrage rue Jean Mermoz,"La rue Jean MERMOZ est baignée de soleil du matin au soir. En été c'est une véritable fournaise. Cette rue est empruntée par les usagers de la station de métro MERMOZ. Il serait intéressant de réaliser un couvert végétal pour réduire l'échauffement de la rue et apporter un peu de confort ombragé aux piétons et riverains. Planter des arbres pourraient bien sûr être une solution mais pour réduire l'emprise au sol et permettre de maitriser plus aisément l'ombre portée, il est proposé de mettre en œuvre des structures porteuses de plantes grimpantes. Ces structures modulables avec plantes grimpantes peuvent être placées de façon à recouvrir les trottoirs et stationnement, voire à traverser la rue pour former un large écran de feuillage. Cet aménagement peut être conduit par étape pour évaluer le retour d'expérience puis être étendu à toute la rue et autres sites. Une gestion des eaux de pluie pourraient y être associée de façon à irriguer les zones de plantation.Modalités de réalisation - Avis technique :Végétalisation de la rue Jean Mermoz via l'implantation de pergolas végétalisées sur la partie sud le long de la haie, qui apporteraient de l'ombre tout en limitant l'impact au sol. Egalement, des plantations d'arbres pourraient être réalisées sur la partie nord en remplaçant certaines places de stationnement.",Nature en ville,100000,16 - Fontaine-Lestang / Arènes / Bagatelle / Papus / Tabar / Bordelongue / Mermoz / La Faourette,12,40,1327,16,Fontaine-Lestang / Arènes / Bagatelle / Papus / Tabar / Bordelongue / Mermoz / La Faourette,2.3,False,0
102,171,Installation arceaux vélo à  Lardenne,"La municipalité promeut l'usage du vélo en ville et je soutiens cette initiative. Ainsi La création d'une piste vélo permettant de rejoindre les quartiers de Lardenne et Pradette au lac de la Ramée est une excellente initiative. Il est aussi important de faciliter l'usage quotidien du vélo par exemple pour aller faire ses courses ou faire du sport. Ainsi je propose d'implanter des arceaux à vélo proche de la place Sauvegrain non loin des toilettes ou de l'autre côté de la rue proche commerces, chemin mazagaie proche de l4école, publique, devant l'école Emilie de Rodat au niveau du centre de loisirs du petit Capitole...Modalités de réalisation - Avis technique : Des arceaux vélos sont déjà installés place Sauvegrain, il sera possible de compléter ces équipements pour répondre à la demande. Une étude complémentaire prenant en compte la configuration des sites, viendra identifier les possibilités d’aménagement d’arceaux vélos sur la place de Sauvegrain, dans la rue Mazaygues et devant l’école Emilie de Rodat.",Éco-mobilité,15000,18 - Lardenne / Pradettes / Basso-Cambo,8,37,1021,18,Lardenne / Pradettes / Basso-Cambo,6.2,False,0
103,154,Nichoirs pour des mésanges,"Les populations de mésanges en ville sont en constante régression du fait de la disparition de leur habitat. Ces oiseaux participent pourtant à réduire la présence d'insectes nuisibles. Il sont notamment invitée par les jardiniers comme moyen de lutte biologique. Les arboriculteurs soucieux de limiter l'usage de pesticides placent parfois des nichoirs à mésanges dans les vergers afin que celles-ci mangent les vers de la pomme et les pucerons. Cette technique est aussi préconisée pour lutter contre la chenille processionnaire. Serait-il possible d'inviter les habitants à installer des nichoirs à mésanges de la même manière que Toulouse Métropole à mis en place les composteurs pour les particuliers. La fourniture serait proposée à tarif préférentiel à la suite d'une information adaptée. Le modèle visible au jardin des plantes entièrement constitué de béton de bois semble très facile d'installation et d'entretien. Entretien : Une visite annuelle du nichoir est conseillée, en hiver, pour retirer les restes du nid de la saison précédente. Les mésanges construisent un nouveau nid chaque année. Il est en général inutile de laver le nichoir. Si des parasites l'ont envahi, l'utilisation de détergent est fortement déconseillée, car cela pourrait être nocif pour les oiseaux. Laver à l'eau, éventuellement additionnée d'un savon à PH neutre.Modalités de réalisation - Avis technique :Installation d’une centaine de nichoirs à mésanges dans les quartiers Saint-Michel, Saint-Agne, Le Busca, Empalot et l’Île du Ramier. En plus de favoriser l'installation des volatiles en ville, ces nichoirs sont aussi un outil de lutte contre les insectes nuisibles, notamment les chenilles processionnaires.",Nature en ville,6000,5 - Saint-Michel / Saint-Agne / Empalot / Le Busca / Ile du Ramier / Monplaisir,44,26,1701,5,Saint-Michel / Saint-Agne / Empalot / Le Busca / Ile du Ramier / Monplaisir,5.3,False,0
104,71,Planter des arbres et jardins partagés partout où c'est possible!,"Une voisine exploite un bout du terrain du supermarché de quartier pour y planter des graines, des arbustes avec leur aval; c'est une propriété privée mais visible de tous. L'idée est excellente je trouve. Pourquoi ne pas ""réquisitionner"" tous les lopins de terre accessibles et y planter des arbres, des fleurs, des légumes et laisser aux gens du quartier le soin de l'entretenir. Je pense qu'il faut planter un maximum d'arbres qui permettront à la ville de maintenir des températures plus basses, réduire nos consommations, rendre la ville plus belle et en plus cela peut nous permettre de récolter des fruits et des légumes pour ceux qui n'ont pas de jardin ou assez d'espace, ou encore qui ne peuvent pas s'acheter de fruits et légumes. Les minimes était une terre agricole, la terre est riche.Modalités de réalisation - Avis technique :La Collectivité a lancé un Plan arbres depuis 2019, quasiment 20 000 arbres ont déjà été plantés depuis. Cette idée est donc réalisable sur des espaces publics et pour la réaliser, il faudra travailler en partenariat avec des associations de quartier sur des projets de végétalisations citoyennes pour trouver des sites adéquats. Il conviendra en suivant de réaliser un diagnostic pour les plantations en milieu urbain, toujours à cause des réseaux. Concernant la culture vivrière cette idée peut s’inscrire dans la création d'un jardin partagé notamment dans le cadre du réaménagement à venir du quartier de Bourbaki, dont les concertations avec le public devraient démarrer à partir de 2023.",Nature en ville,20000,8 - Minimes / Barrière de Paris / Ponts-Jumeaux / La Vache / Raisins / Fondeyre,243,65,1535,8,Minimes / Barrière de Paris / Ponts-Jumeaux / La Vache / Raisins / Fondeyre,3.1,True,1
105,60,Du miel dans mon quartier: produisons de la douceur!,"ALIMECO est une association à but non lucratif créée en 2020 suite à la crise sanitaire pour répondre à l'urgence alimentaire des familles. Elle concerne tous les habitants des quartiers de BAFAPATABOR (Bagatelle, Faourette, Papus, Tabar et Bordelongue). ALIMECO est constituée de 40 bénévoles et d'une salariée à temps partiel et a pour ambition de développer l'autonomie alimentaire sur ces quartiers. L'idée proposée est la suivante: 1/3 de notre alimentation provient directement du travail des pollinisateurs qui sont mis à mal et tendent à disparaître du fait des pratiques humaines. Pour agir dans notre quartier face à leur disparition, et pour toucher les consciences au plus près et dès le plus jeune âge, nous lançons l'idée de créer un espace urbain ""ECOLE DE BIODIVERSITE"". Ce projet est axé autour de l'implantation d'un rucher pédagogique, conformément à la législation en vigueur et dans le respect de la sécurité de tous. L'objectif est l'implication des habitants par le côtoiement, la pratique et l'apprentissage du soin porté au vivant, donc à nous. Gestes et pratiques apicoles, récolte de miel et mise en pots, semis de mellifères qui fleuriront les quartiers, fabrication de ruches, création de carrés potagers et de refuges à insectes et animaux. Ramenons la nature et ses bienfaits en ville, dans l'intérêt de tous et toutes!Modalités de réalisation - Avis technique :Cette idée développe la biodiversité en ville. Elle participe ainsi à l’adaptation du territoire au changement climatique. Avis favorable sous conditions : Une étude plus approfondie de la part des services est nécessaire pour s’assurer de sa réalisation.",Nature en ville,10000,16 - Fontaine-Lestang / Arènes / Bagatelle / Papus / Tabar / Bordelongue / Mermoz / La Faourette,43,52,1648,16,Fontaine-Lestang / Arènes / Bagatelle / Papus / Tabar / Bordelongue / Mermoz / La Faourette,2.3,True,1
106,40,Remplacer des places de stationnement par des arbres,"De nombreuses rues de Toulouse sont très minérales, sans aucune végétation, créant ainsi des îlots de chaleur, et sont souvent inesthétiques. Pendant ce temps, la plupart des rues de la ville sont des parkings pour des véhicules qui bougent peu, ce qui constitue un énorme gâchis d'espace, qui est pourtant si précieux en milieu urbain. Plus généralement, 60% de la surface de la voirie (trottoirs et routes) est dédiée aux automobiles et autres vehicules motorisés, qui eux-mêmes contribuent au réchauffement. Il serait judicieux d'identifier les rues les plus minérales, et d'y remplacer une certaine proportion de places de stationnement par des arbres qui apporteront ombre et fraîcheur, et rendront ces rues plus belles.Modalités de réalisation - Avis technique :Végétalisation des rues Réclusane et Adolphe Coll en remplaçant certaines places de stationnement par de la végétalisation, comme ce qui a été fait sur la rue de la Chaine à Toulouse. Les localisations exactes seront définies en concertation avec les riverains.",Nature en ville,100000,6 - Saint-Cyprien,76,52,1029,6,Saint-Cyprien,2.1,False,0
107,57,Des panneaux solaires sur la Maison de Quartier de Bagatelle,"La situation écologique d’aujourd’hui requiert de développer fortement la production d’énergie renouvelable, notamment avec des panneaux solaires. Pour ne pas empiéter sur les surfaces agricoles, les toits des bâtiments sont à équiper. Le toit de la Maison de Quartier de Bagatelle est grand (400m2) et permet d’y installer une bonne surface de panneaux photovoltaïques et donc une puissance intéressante (80KW)(et si ce n’est pas possible il y a aussi d’autres bâtiments publics). Le but est de créer dans le quartier le sentiment que nous pouvons avancer dans la transition écologique, en parallèle avec d’autres actions, pour que tous, habitants et acteurs variés soient sensibilisés sur les énergies renouvelables et se mettent en route dans la transition écologique. Nous proposons que soient installés les panneaux sur le toit et que soit mis dans l’entrée un écran indiquant en permanence la puissance produite à l’instant, et l’énergie produite depuis le début de l’année. La Maison de Quartier de Bagatelle est un lieu symbolique fort, celui où ont lieu les fêtes familiales et bien des activités associatives et des réunions très diverses des habitants. C’est la maison du quartier. C’est important qu’elle soit en pointe sur l’écologie et entraîne ainsi le quartier.Modalités de réalisation - Avis technique :Implantation de panneaux solaires sur le toit de la Maison de Quartier de Bagatelle. En cas d’impossibilité technique, ils pourraient être déployés sur le Groupe scolaire Clément Falcucci, l’Ecole Élémentaire Georges Hyon ou le centre culturel Desbals.",Énergie,68000,16 - Fontaine-Lestang / Arènes / Bagatelle / Papus / Tabar / Bordelongue / Mermoz / La Faourette,31,60,1572,16,Fontaine-Lestang / Arènes / Bagatelle / Papus / Tabar / Bordelongue / Mermoz / La Faourette,2.3,False,0
108,191,Valorisation du tunnel de Gironis,"Amélioration de la sécurité des vélos et piétons dans le tunnel sous l’A64 rue de Gironis, à l’entrée du Parc de Gironis -	Réfection de l’éclairage au moyen de lampes LED -	Marquages au sol pour délimiter la piste cyclable sur le trottoir le plus large pour favoriser le mode doux vélos et piétons -	Peinture artistique style « street art » sur les parois du tunnel pour enjoliver cet espace et diminuer le risque de graffitis mal intentionnés -	Mise en valeur du quartier Lafourguette et du parc de Gironis avec un dessin représentant le quartier (fait par des talents du quartier si possible)Modalités de réalisation - Avis technique :Concernant la sécurisation de la circulation sous cet ouvrage, les travaux d’amélioration de la lisibilité de l’aménagement cyclable ont été réalisés en juillet 2022. Il n’est cependant pas possible de séparer les flux sur cette portion dont la largeur ne le permet pas.Concernant l’embellissement du tunnel, la mairie de Toulouse développe depuis plusieurs années une Galerie A Ciel Ouvert. Le sujet ainsi que l’envergure de l’œuvre seront définis plus précisément par la «Commission art dans l’espace public».",Éco-mobilité,150000,14 - Saint-Simon / Lafourguette / Oncopole-Campus Santé du Futur,39,33,1148,14,Saint-Simon / Lafourguette / Oncopole-Campus Santé du Futur,6.4,False,0
109,202,Augmenter l'Installation de L'arbre Algal dans Toulouse,"Cet épurateur d'air est un dispositif bénéfique pour la qualité de l'air de Toulouse. Ses implantations doivent se voir augmenter notamment dans des zones stratégiques de forte pollution de l'air comme la gare de Matabiau ou bien la station de métro de basso cambo.Modalités de réalisation - Avis technique :L’arbre algal est un épurateur d’air constitué de microalgues, avec une capacité d’absorption équivalent à 50 arbres. L’expérimentation menée par Toulouse Métropole en 2020 a permis de démontrer que le dispositif fonctionne et est efficace contre les micropolluants. Afin d’avoir un impact sur le CO2, il faut cibler des zones particulièrement exposées (environnements urbains générant une forte concentration, une dispersion lente). Une analyse d’opportunité du site devra compléter le déploiement de cette solution sur le quartier.",Nature en ville,80000,4 - Lapujade / Bonnefoy / Périole / Marengo / La Colonne,21,55,841,4,Lapujade / Bonnefoy / Périole / Marengo / La Colonne,4.1,True,1
110,59,Des jeux pour les grands (aménagement d’une aire de jeux avec des équipements qui ne soient pas uniquement dédiés aux enfants),"La plupart des parcs sont ludiques pour les enfants, les grands surveillent, les grands poussent, les grands discutent... Impossible de faire de la balançoire, Impossible de faire du toboggan, et pourquoi pas les enfants de plus 12 ans et les adultes pourraient faire de la balançoire, du toboggans, ils ne veulent pas toujours faire du sport ou de reposer sur une chaise longue. Pourquoi pas aménager ce parc proche du nouveau centre Papus.Modalités de réalisation - Avis technique :Création d'équipements ludiques à destination des plus grands dans l'aire de jeux Papus.",Cadre de vie,100000,16 - Fontaine-Lestang / Arènes / Bagatelle / Papus / Tabar / Bordelongue / Mermoz / La Faourette,7,126,572,16,Fontaine-Lestang / Arènes / Bagatelle / Papus / Tabar / Bordelongue / Mermoz / La Faourette,2.3,False,0
111,115,Un complexe sportif en zone urbaine,"Nous sommes un groupe de jeunes amis habitants pour la plupart sur le quartier de Soupetard depuis l'enfance. Nous avons l'habitude de nous réunir de façon hebdomadaire autour du sport. Nous constatons de moins en moins d'engouement et d'initiatives citoyennes dans notre quartier et nous voulons aujourd'hui redonner vie à celui-ci à travers un projet utile et intéressant pour notre lieu de vie et surtout pour les différentes générations. Notre projet a pour but de construire un complexe sportif. Il s'agira d'un Five, un terrain de la taille d'un city stade mais qui ne l'est pas. C'est un terrain clos doté de gazon synthétique et de rambardes de sécurité qui fait le bonheur des pratiquants de la discipline du foot à 5. Le Five outdoor est une pratique sportive qui se joue selon des règles à respecter non comme la pratique du football sur city stade qui est beaucoup moins réglementée et beaucoup moins prise au sérieux par ses adeptes. Ce projet a pour but d'améliorer l'image du quartier Soupetard, afin de redonner vie à ce dernier en créant des opportunités d'épanouissement pour les habitants et surtout pour les jeunes. Nos objectifs sont : - favoriser la pratique sportive des jeunes, - valoriser le quartier Soupetard La Gloire, - permettre aux jeunes de s'engager dans leur quartier, - améliorer le lien social autour du football, - animer le quartier et la cohésion sociale, - ouvrir le quartier au reste de la métropole, - permettre un accès plus pratique et de proximité aux équipements sportifs, -créer une cohésion intergénérationnelle et de mixité, - emmener une sécurité et une stabilité autour de la pratique du football, -donner accès à des équipements de qualité à tous et aux acteurs du secteur est, - faire en sorte que les jeunes ne soit pas dans l'errance, - canaliser l'énergie des jeunes.Modalités de réalisation - Avis technique :Le projet est très intéressant pour répondre au besoin exprimé de longue date par les jeunes du quartier. Il est techniquement réalisable. La direction des sports émet une réserve sur l'emplacement envisagé (au sein de l'école Soupetard) compte tenu du risque de nuisances sonores engendré par ce type d’équipement et au regard de la proximité avec les habitations. Si l'idée est lauréate lors du vote des habitants, une concertation avec les riverains du site sera organisée. Si ce projet suscite une forte opposition des riverains sur la localisation proposée par le porteur de projet, une autre localisation sera proposée pour sa réalisation : au niveau du jardin de Soupetard, sur l’esplanade béton en contrebas du Boulevard Jacques Chirac.",Cadre de vie,130000,10 - Jolimont / Soupetard / Roseraie / Gloire / Gramont / Amouroux,205,35,2610,10,Jolimont / Soupetard / Roseraie / Gloire / Gramont / Amouroux,4.2,True,1
112,21, Radars de bruit et de vitesse sur l'allée de Barcelone/Ponts Jumeaux ,"Nous avons besoin de radars de bruit et de vitesse sur l'allée de barcelone devant l'école, et le canal du midi entre pont béarnais et ponts jumeaux : trop de véhicules avec des tuyaux trafiqués, accélèrent sans respecter les limites de vitesse, font un maximum de bruit et détruisent le sommeil des riverains. Ceci réduirait également le bruit en centre ville, par des contrôles périphériques à l’entrée de la ville. Je ne comprends pas comment c’est permis de rouler dans des zones densément résidentielles, aggressant les citoyens a toute heure par des pots d’échappement trafiqués, hyper-bruyants et polluant des poumons. Toute la ville est concernée, le bruit des motards / scooters envahit la Prairie des Filtres des le Quai de Tunis, tout comme il envahit le Parc de Ramiers et les terrasses de St Cyprien. Leur bruit n’est pas mieux apprécié dans les zones vertes ni a la campagne... avec le tuyau correct ces véhicules seraient silencieuses. J’espère qu’on va réglementer le niveau de bruit de ces véhicules non conformes, soit par des radars/amendes, contrôles techniques de véhicules ou prohibitions d'accès en ville aux véhicules bruyants (dans le même esprit que les restrictions pour les véhicules polluants qui se développent). Bien que pubs de la Marie déclarent ‘Toulouse +tranquille’ il reste a du travail a faire pour en arriver la. MerciModalités de réalisation - Avis technique :Le type d'équipement visant à sanctionner les véhicules trop bruyants n'existent pas à ce jour.Il est néanmoins possible d'installer un radar pédagogique, lequel, à l’aide d’un panneau lumineux, indique aux conducteurs si le niveau sonore de leur véhicule motorisé est conforme ou non.Coût fonctionnement annuel: 5 000 €",Cadre de vie,30000,2 - Amidonniers / Compans-Caffarelli / Brouardel,50,70,1720,2,Amidonniers / Compans-Caffarelli / Brouardel,1.2,False,0
113,173,Mise en place d'un parcours santé et d'aménagements parc de la Mounède,"Création d'un parcours santé matérialisé dans ou autour du Parc de la Mounède. Accessible à tous, avec zone de pique-nique et/ou jeux pour enfants.Modalités de réalisation - Avis technique : Un parcours forme course/marche, dont le tracé est identifié sur Toulouse.fr (Parcours 6 BASSO CAMBO), existe à proximité. Ce parcours passe à proximité du Parc de la Mounède. En réponse à cette idée, le Parc de la Mounède pourrait être équipé, dans un premier temps, d’une station fitness avec une signalétique pour orienter les sportifs vers le parcours pédestre.",Cadre de vie,80000,18 - Lardenne / Pradettes / Basso-Cambo,80,70,556,18,Lardenne / Pradettes / Basso-Cambo,6.2,False,0
114,87,Bataille Militaire aux 7 deniers en 1814 (création d’une statue de soldat),"Les Sept-Deniers furent l’objet d’opérations militaires en 1814 lors de la bataille de Toulouse. Certes, les principaux combats ont eu lieu sur la plaine de l’Hers et à Jolimont. Chaque année, la commémoration se fait à la Colonne de Jolimont. Néanmoins, il ne faut pas oublier que des combats ont eu lieu sur Ponts Jumeaux, l’Embouchure et Sept-Deniers. C’est la raison pour laquelle, je propose qu’un monument soit érigé à la mémoire de ces combats pour la défense de Toulouse et, pourquoi pas, une statue grandeur nature symbolisant un soldat de la Grande Armée.Modalités de réalisation - Avis technique :Deux options possibles : commande à un artiste spécifique ou par appel à projets (avec rédaction d’un cahier des charges permettant de faire figurer des attendus esthétiques et financiers). La procédure d’appel à projet, nécessitera la mise en place d’un jury de sélection. Attention, idée recevable mais sous réserve : un emplacement sur le quartier des Sept-Deniers à proximité de la poste est envisageable, le coût de réalisation est estimé entre 50 000 et 60 000 €. La Direction Générale de la Culture de la Mairie souhaite maitriser l’implantation d’oeuvres sur l’espace public, la mise en place d’une procédure centralisée est en cours avec la création d’une commission spécifique jugeant selon des critères précis l’opportunité de l’installation d’une oeuvre sur l’espace public. Il faudra donc soumettre toute proposition à cette commission qui pourrait être amenée à refuser (de façon argumentée) le projet pour ces motifs.",Cadre de vie,60000,7 - Sept Deniers / Ginestous-Sesquières / Lalande,52,74,1540,7,Sept Deniers / Ginestous-Sesquières / Lalande,3.2,True,1
115,46,Paniers de basket pour petits,"Idée transmise via un formulaire papier par Véra : Dans le parc Maurice Bécanne, rajouter des paniers de basket pour les tout petits, car ils veulent faire comme les grands et ne peuvent pas. Il y a largement de la place, même pour des mini-buts de foot.Modalités de réalisation - Avis technique :Installation d’un “arbre à basket” afin de favoriser cette pratique pour les plus jeunes dans le jardin Maurice Bécanne.",Cadre de vie,15000,15 - Croix de Pierre / Route d'Espagne,4,29,417,15,Croix de Pierre / Route d'Espagne,2.2,False,0
116,118,Aménagement pour La Plaine,"Ce serait très utile d'avoir des toilettes dignes de ce nom au niveau de la zone verte de La Plaine et d'une manière générale sur la zone qui va jusqu'aux Argoulets.Modalités de réalisation - Avis technique :Ce projet est réalisable il est proposé, si cette idée est lauréate, d'expérimenter des toilettes sèches sur la zone verte des Argoulets.",Cadre de vie,60000,10 - Jolimont / Soupetard / Roseraie / Gloire / Gramont / Amouroux,125,26,345,10,Jolimont / Soupetard / Roseraie / Gloire / Gramont / Amouroux,4.2,True,1
117,184,Guinguette Petit Bois,"Le petit bois qui était jadis un lieu de vie dynamique a perdu de sa superbe et lustre d'antan, étant un passage entre les deux secteurs scolaires et au milieu des habitats, il me semble pertinent de faire revivre l'endroit avec une guinguette municipale pour créer du lien entre habitants, une guinguette effective de 15h 30 à 19h pour éviter les nuisances sonores et tapage nocturne et un lieu où les enfants pourront goûter ensemble entre copains. Une animation musicale hebdomadaire favoriserais aussi l'accès à la culture pour tous.Modalités de réalisation - Avis technique :Le petit bois de Bellefontaine ne peut pas accueillir de guinguette permanente (création d’un bâtiment) en raison de la préservation du site et de sa fermeture après 21h. En revanche, en réponse à cette idée, une solution de guinguette temporaire (buvettes mobiles déplaçables à vélo) ou de foodtruck peut être proposée sur la friche Maurois, sur les jours importants de la semaine. La Friche Maurois permettra un aménagement temporaire jusqu’à 2025. Par ailleurs, le règlement des débits de boissons de la Mairie de Toulouse, spécifie l’interdiction de la vente de boisson alcoolisée à 50 mètres d’un établissement d’enseignement (Maternelle Camille Claudel).",Cadre de vie,10000,17 - Mirail-Université / Reynerie / Bellefontaine,4,21,1240,17,Mirail-Université / Reynerie / Bellefontaine,6.3,False,0
118,113,Personne en situation de handicap,"Pour les trottoirs et passages piétons? TOUS LES QUARTIERS Penser à tous les handicaps: personne à mobilité réduite, déficient visuel, déficient auditif, déficient intellectuel. MerciModalités de réalisation - Avis technique :Si cette idée est sélectionnée, il est proposé d'améliorer l'accessibilité piétonne de la rue Louis Plana, axe central du quartier, en ajoutant des traversées piétonnes et en mettant en conformité d'autres traversées dans un budget maximal de 200 000 euros.",Cadre de vie,200000,10 - Jolimont / Soupetard / Roseraie / Gloire / Gramont / Amouroux,40,33,483,10,Jolimont / Soupetard / Roseraie / Gloire / Gramont / Amouroux,4.2,False,0
119,189,Végétalisation Place des Tibaous,"Lors de sa construction, la place des Tibaous à remplacé un hectare de verdure par un hectare de béton, sans une once de verdure ni d'ombre (en vertu de la théorie du précédent maire selon laquelle un hectare de béton coute moins cher en entretien qu'en hectare de verdure). Le résultat ne s'est pas fait attendre, chaleur insupportable en été, y compris pour les nombreux immeubles construits en bordure de la place qui vivent un enfer. Place désertée par les habitants, commerces à l'agonies. C'est un lieu que tout le monde fuit alors que ce devrait être un lieu de vie. Réaction de la mairie: création de places de parking de voitures: la place qui devient le lieu de vie des ... voitures. Les quelques arbres qui ont été plantés ne sont pas arrosé et meurt en quelques mois, avant d'être remplacés par d'autres...qui meurent à leur tour. La suggestion: arrêter de mettre des voitures partout, rendre l'espace public vivable pour les être humains en végétalisant VRAIEMENT cette place pour en faire un lieu de vie et rendre la vie des riverains simplement vivable.Modalités de réalisation - Avis technique :La végétalisation et la plantation de la place Tibaous peut être réalisée en partie, en tenant en compte du besoin d’espace pour le marché de plein vent.Une désimperméabilisation des sols peut être effectuée et des arbres peuvent être plantés. Des études techniques de faisabilité de géo-détection des réseaux souterrains devront être menées afin de trouver les emplacements de plantations des arbres.",Nature en ville,200000,14 - Saint-Simon / Lafourguette / Oncopole-Campus Santé du Futur,44,32,1512,14,Saint-Simon / Lafourguette / Oncopole-Campus Santé du Futur,6.4,True,1
120,174,Redonnons de la couleur aux espaces verts du chemin de la Fronde,"Cette idée a été transmise via un formulaire papier par Maïté. Je passe régulièrement chemin de la Fronde et je remarque que les espaces verts sont fréquentés par les lycéens, les salariés des entreprises autour et des habitants du quartier. Ces espaces ne sont pas mis en valeur. Il serait peu coûteux d'améliorer l'état de ces espaces afin de les rendre plus agréables avec de nouvelles plantations et en y aménageant des espaces de pique-nique. Nous avons de la chance d'avoir des espaces verts autant les valoriser.Modalités de réalisation - Avis technique :Le projet est cohérent et techniquement faisable. Cela permettra d’embellir ce site avec du nouveau mobilier (table de pique-nique + banc + poubelles) et d’implanter quelques nouveaux végétaux de manière à ce que les habitants puissent en profiter.Attention néanmoins aux nuisances sonores, notamment nocturnes, que ce type d’aménagement peut engendrer. Une concertation des habitants limitrophes à ce site pourra être envisagée.",Nature en ville,45000,18 - Lardenne / Pradettes / Basso-Cambo,107,64,991,18,Lardenne / Pradettes / Basso-Cambo,6.2,True,1
121,175,Installation de tables de jeux place des Pradettes,"La place des Pradettes (square Camille Poinas) est un lieu de rencontres et d'échanges investi par les associations et les habitants du quartier. Ainsi, le Vivre ensemble est une des valeurs fondamentales de notre quartier-village. Afin de promouvoir encore plus ce vivre ensemble et d'améliorer notre cadre de vie, l'installation d'une table d'échecs et d'une table adaptée à la pratique des jeux de société permettrait aux habitants de profiter de cette jolie place de manière ludique et constructive. D'ailleurs, des habitants du quartier se réunissent déjà tous les jours pour jouer aux dominos sur la place. Ces tables pourraient remplacer une des tables de pique nique vieillissantes ou être ajoutées en plus du mobilier urbain déjà présent. Ces nouveaux mobiliers seraient en adéquation avec la revalorisation en square de la place.Modalités de réalisation - Avis technique : Le projet est cohérent et techniquement réalisable, le service Jardin et espaces verts propose l’installation de 2 tables d’échec ou autres modèles.",Cadre de vie,12000,18 - Lardenne / Pradettes / Basso-Cambo,14,50,1031,18,Lardenne / Pradettes / Basso-Cambo,6.2,False,0
122,110,Rénovation du Parc des Argoulets 🌳🌱🌺🌻,"Les Argoulets est un parc qui manque de végétation. Il est fréquenté et à mon sens n’est pas assez aménagé et pas joli. Le rendre plus agréable avec l’installation de végétation pour améliorer la qualité de l’air en raison de sa proximité avec la rocade, l’installation de plus d’équipements sportifs notamment table de Ping pong, rénover le parc pour enfants, mettre davantage d’équipements pour les siestes lectures, pique-niques, favoriser l’implantation de flore pour les abeilles. 🐝 Le parc reste un grand espace vert qui n’est pas assez exploité, je trouve ça dommage. Aménageons ce petit bout de nature en faisant du bien à la nature et à nos sens.Modalités de réalisation - Avis technique :L'installation de tables de ping pong est possible, à noter également qu'il est prévu de créer un skateparc et un pumptrack début 2023. Concernant les plantations il est possible de planter des arbres en veillant aux usages du site pour préserver la zone d'éco pâturage. En revanche l'aire de jeux étant en bon état il n'est pas jugé utile de la rénover. Le coût est variable en fonction du nombre de plantations.",Nature en ville,200000,10 - Jolimont / Soupetard / Roseraie / Gloire / Gramont / Amouroux,134,37,1111,10,Jolimont / Soupetard / Roseraie / Gloire / Gramont / Amouroux,4.2,True,1
123,23,Améliorations possibles Quartier Belfort / Denfert Rochereau,"Idée transmise via formulaire papier par AL Réfection et végétalisation de la rue Denfert Rochereau, la chaussée est dans un état lamentable, supprimer quelques places de parking et créer des massifs que nous entretiendrons avec plaisir et planter quelques arbres. MerciModalités de réalisation - Avis technique :La création d’espaces végétalisés est possible dans la rue Denfert-Rochereau. Des investigations complémentaires (de type géodétection) seront néanmoins nécessaires afin de déterminer le type de végétaux à prévoir.La largeur de la rue est restreinte, les bâtiments forment un front bâti important d’où un ensoleillement réduit sur la rue. Le projet prévoit donc d’utiliser les espaces de stationnement avec des essences végétales de strate basse avec exposition mi-ombre, ombre et une sélection d’arbres de faible développement. Il est possible de compléter l’offre avec des espaces de détente contenant des assises et des bacs de plantations.",Nature en ville,200000,3 - Les Chalets / Bayard / Belfort / Saint Aubin / Dupuy,50,60,956,3,Les Chalets / Bayard / Belfort / Saint Aubin / Dupuy,1.3,False,0
124,11,Stations de gonflage pour vélo sur les trajets les plus fréquentés,"Afin d’encourager les déplacements à vélo et les cyclistes à maintenir leurs pneus à la bonne pression sur leurs trajets (travail, courses, sorties sportives ou loisir), des stations de gonflage publics pourraient être installées à divers endroits de ville de Toulouse. Des stations de gonflage publics sont déjà installées dans plusieurs villes de France par exemple Bordeaux ou Besançon mais aussi à l’étranger Genève (Suisse), Uppsala (Suède). Pour l’avoir expérimenté j’estime que c’est une avancé majeure dans l’accueil du vélo au centre de la mobilité urbaine. C’est souvent une fois à vélo que l’on s’aperçoit être sous gonflé, alors qu’un pneu de vélo à la bonne pression permet de :
réduire l’énergie consommée par la batterie des vélos électriques
d’effectuer un trajet à vélo moins fatigant et plus agréable
limiter le nombre crevaisons
Il faut en moyenne regonfler ses pneus toutes de 2 à 4 semaines pour qu’ils restent à la pression idéale spécifiée par le constructeur.Des pistes fréquentées peuvent être ciblées pour l’installation de telles stations comme :
Le canal du midi (au niveau du CEMES la piste s’élargit suffisamment pour accueillir une telle station)
la piste cyclable le long de la Garonne au niveau du rond point de la catalogne
Les ponts Jumeaux - etc
et en centre ville :
Allées Jules Guesde
Place du metro Esquirol
Place du metro Saint Cyrpien
Autour de la basilique saint Sernin - etc
Modalités de réalisation - Avis technique :2 stations de ce type sont déjà en service Port St Sauveur (à la Capitainerie) et dans le quartier Bagatelle.Dans l'hyper centre, l'installation de ce type d'équipement devra recueillir l'avis favorable de l'Architecte des Bâtiments de France (lieux à déterminer)L'installation de 3 stations est proposée.",Éco-mobilité,9000,1 - Capitole / Arnaud Bernard / Carmes,74,66,1766,1,Capitole / Arnaud Bernard / Carmes,1.1,True,1
125,119,Végétalisation de quartier,"Dans le quartier Bonhoure, à l'angle de l'avenue Jean Chaubet et de la rue Monié, remplacer le triangle bitumé qui sert aujourd'hui de décharge sauvage par un emplacement végétalisé. Pour quelques dizaines de millier d'euros, on peut facilement dépolluer le sol et planter herbe et arbres. Outre l'attrait esthétique, cela permettrait de dissuader des dépôts d'ordures mais également aux arbres d'absorber la pollution, très présente à cet endroit de l'avenue.Modalités de réalisation :Après instruction des services techniques compétents, il est possible de végétaliser cet espace. A noter que la présence de réseaux ne permettra pas de planter de très grands arbres, mais il est possible de mettre de la pelouse et des arbustes. L'espace devra également être équipé en bornes anti-stationnement.",Nature en ville,55000,11 - Bonhoure / Guilheméry / Château de l'Hers / Limayrac / Côte Pavée,68,26,797,11,Bonhoure / Guilheméry / Château de l'Hers / Limayrac / Côte Pavée,4.3,False,0
126,111,Des arbres dans la cour d'école de Soupetard,"Je propose de planter quelques arbres dans les cours de l'école primaire Soupetard pour procurer, à terme, une protection contre la chaleur aux élèves pendant la récréation et le temps de CLAE. Le revêtement des cours devra permettre l'infiltration des eaux de pluie dans le sol et un composteur pour les feuilles pourrait compléter cette opération. La municipalité pourrait proposer un support pour la mise en place d'un projet pédagogique sur l'arbre dans la ville en accompagnement de cette plantation pour sensibiliser les élèves au réchauffement climatique.Modalités de réalisation - Avis technique :Cette idée est réalisable, des études techniques de géo détection des réseaux seront nécessaires pour trouver les emplacements des futurs arbres. Concernant le projet de composteur, il est possible à condition que l'équipe pédagogique porte le projet.",Nature en ville,30000,10 - Jolimont / Soupetard / Roseraie / Gloire / Gramont / Amouroux,52,44,856,10,Jolimont / Soupetard / Roseraie / Gloire / Gramont / Amouroux,4.2,False,0
127,144,"Plantations d’arbres fruitiers sur les quartiers de Rangueil, Sauzelong et Jules Julien","Je propose de faire sur Toulouse et son agglomération la plantation d'arbres fruitiers, en plus de filtrer l'air pollué des villes, il va ramener les abeilles et autres insectes importants, ils rapporteront fraîcheurs de par leur ombres et permettrons aux gourmands au détours d'une balade de manger une pomme, poire ou autres. Les racines déforment beaucoup moins voir pas du tout les routes et trottoirs. Ils peuvent être mis dans des parcs, trottoirs, jardins publics, parking.... Et l'avoir expérimenté en Aquitaine c'est un projet qui marche, plaît, et mérite d'être réfléchit et mis en place. MerciModalités de réalisation - Avis technique :Plantation d'une cinquantaine d'arbres fruitiers en zone urbaine sur les quartiers Jules Julien, Midi, Rangueil, Sauzelong.",Nature en ville,50000,13 - Rangueil / Sauzelong / Jules-Julien / Pech-David / Pouvourville,116,87,770,13,Rangueil / Sauzelong / Jules-Julien / Pech-David / Pouvourville,5.2,True,1
128,90,Installer un filtre à pollution Place Job ,"Je propose d'installer un filtre à pollution sur la place Job. En effet cette place est un des endroits les plus pollués du quartier des Sept Deniers (cf les cartes d'Atmo Occitanie). Cet arbre pourrait être identique à celui installé sur les allées Jean-Jaures par la société toulousaine Kyanos (https://www.midilibre.fr/2020/10/24/a-toulouse-un-arbre-nouvelle-generation-pour-lutter-contre-la-pollution-de-lair-9159686.php), mais il existe aussi des concepts plus design en ligne avec l'architecture du Batiment Job. (ex : Bio Urban : https://www.demotivateur.fr/article/le-biourban-un-appareil-revolutionnaire-capable-de-depolluer-autant-d-air-que-368-arbres-21750)Modalités de réalisation - Avis technique :Une expérimentation de ce type de dispositif a été menée sur Toulouse et a permis de démontrer que le dispositif fonctionne. Pour les micropolluants, c’est assez efficace. Par contre, pour le CO2, il faut cibler des zones particulièrement exposées (environnements urbains) ce qui est le cas de la place Job a proximité de la route de Blagnac.",Nature en ville,80000,7 - Sept Deniers / Ginestous-Sesquières / Lalande,24,42,1053,7,Sept Deniers / Ginestous-Sesquières / Lalande,3.2,False,0
129,69,Débitumer l’avenue de Lombez et l’avenue de Grande-Bretagne ,"L’avenue de Lombez et l’avenue de Grande Bretagne sont des portes d’entrée de la ville très passantes, avec des quartiers adjacents qui se sont fortement développés/construits. Il serait intéressant de rendre ces voies d’accès stratégiques plus agréables, en végétalisant les abords, fleurissant l’ensemble des ronds points (comme cela est fait plus proche du centre ville), en aménageant des espaces de détente (bancs), des espaces de jeux, en supprimant les nombreux tags, en supprimant les panneaux publicitaires, en harmonisant le mobilier urbain (parfois vert, parfois gris, parfois dégradé….) en développant les voies cyclables,… Les idées ne manquent pas, mais il faut rendre ces portes d’entrée vers le centre plus agréable pour ceux qui ne font que passer, mais aussi et surtout pour ceux qui y vivent. MerciModalités de réalisation - Avis technique :Végétaliser le terre-plein central de l’avenue de Lombez en libérant les pieds d’arbres, ce qui permettra d'améliorer les conditions de croissance des poiriers de Chine présents, de lutter contre les ilots de chaleurs, et d'embellir cet axe pour le rendre plus agréable. Egalement, sur l'avenue de Grande Bretagne, les blocs bétons interdisant l'accès à la rue Charpak pourraient être remplacés par des jardinières de manière temporaire en attendant un aménagement définitif. Concernant l'Avenue de Grande Bretagne, cette piste a pour le moment été écartée car un projet de réseau express vélo (REV) est prévu sur cet axe afin d'améliorer les déplacements des cyclistes, et les plantations ne seront réalisées qu’une fois les aménagements effectués pour ne pas fragiliser les plantations. Pour information également, l'avenue de Lombez est également identifiée comme un axe du REV afin d'améliorer la circulation des vélos. Au sujet des aires de jeux, ce sujet est étudié dans le cadre du futur parc situé sur la 3ème tranche de la Cartoucherie longeant l'avenue de Grande Bretagne.",Nature en ville,115000,19 - Casselardit / Fontaine-Bayonne / Cartoucherie,130,60,1942,19,Casselardit / Fontaine-Bayonne / Cartoucherie,2.4,True,1
130,130,Aménagement parc rue du Canigou,"Cet espace vert n'est pas exploité. Il serait intéressant d'y mettre des jeux pour les enfants (toboggan, balançoires...) et une ou deux tables de ping-pong.Modalités de réalisation - Avis technique : Pour améliorer le parc situé rue du Canigou, il est proposé l’installation d’équipement tel que : table de ping-pong, échiquier et coin de lecture, pour permettre des activités calmes de plein air, seul, en famille ou entre amis. La création des cheminements pour rendre la traversée du parc et son usage confortable (avec un travail en surélévation pour préserver les racines des arbres) ainsi qu’un travail sur l’entrée du jardin, pour rendre le cheminement créé accessible à tous, sont également proposés. Enfin, l'implantation de jeux pour enfants sera étudiée.",Cadre de vie,150000,12 - Pont des Demoiselles / Ormeau / Montaudran / La Terrasse / Malepère,11,31,766,12,Pont des Demoiselles / Ormeau / Montaudran / La Terrasse / Malepère,5.1,False,0
131,157,Plantation d'arbres et diversification de la palette végétale,"La rue Saint Roch présente un gabarit de voie variable sans d'ombrage. Une trame verte apporterait un ombrage appréciable et un cadre de vie plus harmonieux. Il semblerait possible de planter quelques arbres remarquables selon les opportunités et de diversifier la palette végétale du quartier. - La plantation d'arbres à fleurs de type Paulwnia apporterait un contraste avec les très grands arbres de l'avenue de l'URSS. (""arbre impérial"", est un arbre originaire du centre de la Chine. Sa croissance est rapide mais il ne dépasse pas 10 à 12 mètres de hauteur (il est ainsi adapté aux petits jardins), et son port étalé est très élégant.) - La plantations de plantes vivaces aux pieds des massifs arbustifs serait une réponse à la recherche de biodiversité et d'habitat fertile. Le massif situé en façade nord, pourrait être enrichi par quelques arbustes hauts/petits arbres de type Sureaux.Modalités de réalisation - Avis technique :Végétalisation de la rue Saint Roch par la biais de plantation d'arbres. Des plantes vivaces seront plantées aux pieds des arbres afin de fournir un habitat fertile à la biodiversité urbaine. La proposition d'y planter des essences de Paulownia, ayant une forte valeur environnementale et esthétique, n’est pas adapté au profil de cette rue. Des essences de type “Poirier de Chine”, “Alisier Blanc” ou “Orme de Lutèce “ répondraient plus adéquatement à la question de végétalisation de cette voie (sous réserve de la compatibilité avec les réseaux enterrés).A noter qu'un tel projet de végétalisation aura un impact sur l'offre de stationnement sur voirie, qu'il conviendra d'évaluer avant la mise en œuvre.",Nature en ville,70000,5 - Saint-Michel / Saint-Agne / Empalot / Le Busca / Ile du Ramier / Monplaisir,128,61,1643,5,Saint-Michel / Saint-Agne / Empalot / Le Busca / Ile du Ramier / Monplaisir,5.3,True,1
132,18,Contrôle limitation de vitesse allée de Brienne,"La vitesse est limitée à 50km/h allée de Brienne, mais une fois le radar des ponts jumeaux franchi, cette limitation n'est souvent plus respectée, engendrant nuisances sonores, augmentation pollution et dangerosité. Propositions : forcer le passage au rouge du feu situé à la passerelle de mi-canal si dépassement de la vitesse, mise en place ralentisseurs au solModalités de réalisation - Avis technique :Le système d’un feu sanction ou récompense n’est pas envisageable à l’heure actuelle car non réglementé en France. Le peu d’équipement de ce type sur le territoire de Toulouse Métropole est aujourd'hui à l'arrêt.L'installation d'un deuxième radar sanction relève de la compétence de l’Etat.En revanche, la création d’un plateau ralentisseur à l’intersection de la passerelle est tout à fait réalisable.Cette traversée permettrait également de sécuriser la traversée des vélos afin qu’ils puissent rejoindre le maillage cyclable existant dans les contre-allées de l'allée de Brienne.",Éco-mobilité,50000,2 - Amidonniers / Compans-Caffarelli / Brouardel,22,47,988,2,Amidonniers / Compans-Caffarelli / Brouardel,1.2,False,0
133,67,Une structure de jeux au jardin du Barry,"A l'image du beau bateau en bois de La Daurade ou du joli dragon (en bois lui aussi) place St-Georges , pourquoi ne pas créer une belle structure de jeu au jardin du Barry , dans le même style que le bateau et le dragon.Modalités de réalisation - Avis technique :Création d'une aire de jeux monumentale en bois dans le jardin du Barry. L'aire de jeux pourrait être travaillée pour être la plus inclusive et agréable pour tous.",Cadre de vie,150000,19 - Casselardit / Fontaine-Bayonne / Cartoucherie,48,40,426,19,Casselardit / Fontaine-Bayonne / Cartoucherie,2.4,True,1
134,114,Installer des racks à vélos devant tous les commerces et les zones vertes,"Aujourd'hui non seulement il est difficile de circuler en vélos dans les quartiers de Toulouse (routes en mauvais état, voies dangereuses) mais en plus il est encore souvent difficile d'attacher son vélo devant un commerce (par exemple route d'Agde ou avenue Jean Chaubet) ou devant un espace vert (Argoulets, micro-forêt des Géants au dessus du COSEC de Rangueil). Plus il y aura d'offres de racks, plus il y aura de vélos et donc moins de voitures.Modalités de réalisation - Avis technique :Cette idée est réalisable, il est possible d'ajouter des racks sur des emplacements à définir dans le quartier.",Éco-mobilité,6000,10 - Jolimont / Soupetard / Roseraie / Gloire / Gramont / Amouroux,42,73,604,10,Jolimont / Soupetard / Roseraie / Gloire / Gramont / Amouroux,4.2,False,0
135,38,Végétalisation massive de la place Roguet/ St Cyprien,"La place Roguet/St Cyprien, point névralgique du quartier, zone commerçante, marchande et d'habitation, souffre d'un déficit important de végétalisation. C'est également un lieu de trafic routier important. Durant les étés caniculaires de plus en plus fréquents, traverser la place est parfois une gageure, le revêtement minéral emmagasinant et réverbérant la chaleur. Les quelques aménagements effectués sur la place sont malheureusement bien insuffisants pour la rendre vivable. Une végétalisation massive de la place permettrait de réduire considérablement la température, d'atténuer les bruits de circulation et d'assainir l'atmosphère.Modalités de réalisation - Avis technique :Végétalisation de la place Roguet, avec l’implantation de massifs végétalisés, tout en maintenant les usages actuels de la place (terrasses, marché...). Ce projet sera affiné en fonction des contraintes techniques dues à la présence des réseaux souterrains.  Concernant la place intérieure Saint-Cyprien, ce projet nécessite une réflexion plus globale en lien avec l’insertion du futur Express Vélo sur les allées Charles de Fitte, et le coût d’aménagement est nettement supérieur à 200 000€, un projet global a donc été écartée de l’étude. En revanche, des totems végétalisés ( voir un exemple de référence en cliquant ici) pourront être déployés sur les zones les plus minérales afin de rafraichir la place.",Nature en ville,110000,6 - Saint-Cyprien,161,53,1392,6,Saint-Cyprien,2.1,True,1
136,14,Veille sur les dépôts sauvages ,"Toulouse est une belle ville. Pour préserver la beauté de Toulouse, il existe de nombreux lieux où les toulousains peuvent déposer leurs déchets. La ville met aussi à disposition un service (qui fonctionne très bien) pour s'occuper des encombrants. Toutefois, certains habitants continuent à déposer sauvagement leurs déchets le long des boulevards. Ce qui est le cas le long du boulevard de la Marquette (coté Ponts Jumeaux). Notre proposition : expérimenter l'installation d'un réseau de caméras sur la partie haute du boulevard de la Marquette (côté Ponts Jumeaux) permettant d'une part, d'assurer une veille sur les dépôts sauvages afin de les faire ramasser et d'autre part, si l'identification est possible, permettre de sensibiliser ""l'écolo en devenir"" en lui expliquant pédagogiquement qu'il existe des solutions pour gérer les déchets, autres que le dépôt sauvage.Modalités de réalisation - Avis technique :A l’aide des caméras, un signalement est opéré pas le biais d’Allo Toulouse vers le service compétent de Toulouse Métropole concerné aux fins de collecte.A savoir, les surveillants de l’espace public et les agents de la Brigade Contre les Incivilités opèrent également des signalements auprès de ce service en cas de constat.",Cadre de vie,35000,2 - Amidonniers / Compans-Caffarelli / Brouardel,30,31,1242,2,Amidonniers / Compans-Caffarelli / Brouardel,1.2,False,0
137,84,Composte partagé 'lalala'lande,"Pourquoi envoyer mes déchets se faire incinérer (comme mon papy) au Mirail avec tous ceux des villes de Toulouse, Blagnac, Cugnaux et Villeneuve-Tolosane alors qu'une grande partie pourrait ne pas l'être en développant des aires de compostage partagé ? Aucune solution n'est aujourd'hui proposée dans mon quartier bien que je mange mes 7 fruits et légumes par jour. Et j'aimerais un jour pouvoir rouler au biogaz ! Et puis, quoi de mieux que du compost ""maison"" pour faire pousser mes tomates dans le futur jardin partagé de lalala'lande ?Modalités de réalisation - Avis technique :Le projet de jardins partagés à Lalande ne peut pas être réalisé par manque de foncier. Il est possible d'envisager la mise en place de composteurs dans le Parc de la Violette. Cette idée permet de valoriser les déchets organiques produits par les foyers mais il est nécessaire qu’un groupement de 30 foyers minimum soit constitué pour en assurer l'entretien et la gestion par la suite.",Déchets et Recyclage,7000,7 - Sept Deniers / Ginestous-Sesquières / Lalande,61,30,968,7,Sept Deniers / Ginestous-Sesquières / Lalande,3.2,True,1
138,89,Connaître et mieux préserver les animaux du quartier des Sept-Deniers,"Il serait bien de sensibiliser les habitants de Toulouse à la biodiversité de leur quartier et de les inciter à protéger les espèces animales partageant leur environnement comme les hérissons, les petits oiseaux (moineaux, mésanges, bergeronnette, rouge de queue...), les insectes (abeilles, coccinelles...)... Pour cela il faudrait recenser les espèces, observer si leur nombre augmente ou diminue dans les années à venir. Il serait bien également de prévoir dans les jardins publics et chez les particuliers des petites habitations pour nos amis les bêtes.Modalités de réalisation - Avis technique :La collectivité propose d'expérimenter cette idée en équipant 2 jardins dans le quartier avec des nichoirs à oiseaux : le Parc Job et le Jardin du Soleil d'or sont proposés (16 nichoirs au total). Fournitures et pose nichoirs : 180 euros TTC /nichoirs, soit 2 880 euros pour les 16 nichoirs + 2400 euros d'entretien/an environ. Au total pour la première année = 5300 euros.",Nature en ville,5300,7 - Sept Deniers / Ginestous-Sesquières / Lalande,9,69,974,7,Sept Deniers / Ginestous-Sesquières / Lalande,3.2,False,0
139,30,Apaisement du Boulevard Riquet,"Le Boulevard Riquet est actuellement constitué, suivant les tronçons, de 2 ou 3 voies de circulation voiture et de 1 ou 2 voies de stationnement voiture. Par exemple, le tronçon entre la rue Péri et les allées Jean-Jaurès comporte 3 voies de circulation + 2 voies de stationnement pour les voitures: cela ne laisse que peu de places aux piétons sur un trottoir de petite largeur, ou aux vélos, côté Canal. Vue des 5 voies dédiées aux voitures à hauteur du 48 Boulevard Riquet : http://www.bvsa.fr/wp-content/uploads/2021/09/2021-09-17-boulevard-riquet-01.jpg Dans l’attente d’un éventuel projet de rénovation des bords du Canal du Midi (?), pour apaiser le Boulevard, nous proposons de : de remplacer une voie de circulation par une voie dédiée aux Bus (ce qui améliorerait les temps de trajet en transport en commun) de supprimer une voie de stationnement d’installer une voie de vélo / piste cyclable sur le boulevard. L’aménagement de la voie vélo sur le Boulevard pourrait se faire en « urbanisme tactique » de façon provisoire et expérimentale. Cette voie vélo sur le boulevard permettra de laisser les bords du Canal aux piétons et d’absorber le flux sans cesse grandissant de cyclistes. Nous proposons de déployer cet aménagement de la passerelle Saint-Aubin (voire avant depuis la caserne Genes Lougnon) aux Allées Jean-Jaurès. Apaiser et réduire la circulation sur le Boulevard Riquet aurait un fort impact sur la qualité de l’air en réduisant la pollution automobile. Cet axe routier est en effet particulièrement pollué comme le montrent les analyses d’ATMO Occitanie. Exemple de cartographie de la pollution automobile (données ATMO Occitanie 2016) : http://www.bvsa.fr/wp-content/uploads/2021/09/32021-09-17-boulevard-riquet-02-pollution-atmo.jpg Il n’est pas interdit de réfléchir également à une alternance temporelle des usages. Les places de stationnement sont peu utilisées en journée car payantes, alors qu’elles le sont davantage la nuit lorsqu’elles sont gratuites. La voie de bus créée pourrait être utilisée en journée, puis se transformer en voie de stationnement la nuit à l’image de l’alternance du stationnement et des étals du marché de Cristal sur le boulevard de Strasbourg.Modalités de réalisation - Avis technique :Au regard du règlement de ""Mes Idées pour mon quartier"" et du montant maximum alloué à chaque idée proposée, seul un type d'aménagement est envisageable : la mise en place d’un couloir de bus ouvert aux vélos, avec maintien de deux files de circulation.Cet aménagement, dont la mise en oeuvre peut être envisagée à court terme, ne permet cependant de traiter qu’un seul sens de circulation pour les vélos.",Éco-mobilité,75000,3 - Les Chalets / Bayard / Belfort / Saint Aubin / Dupuy,64,30,2652,3,Les Chalets / Bayard / Belfort / Saint Aubin / Dupuy,1.3,False,0
140,63,Végétaliser Avenues Biarritz & Casselardit ,"Les Avenues Biarritz & Casselardit relient les berges de la Garonne à l'Avenue grande Bretagne; ce sont de larges avenues en plein soleil avec de grands trottoirs pistes cyclables, zones bus et voiture. Espace existant pour faire des plantations pour réduire les ilots de chaleur, embellir le cadre de vie et réduire les pollutions visuelles et auditives de la rocade à proximité.Modalités de réalisation - Avis technique :La végétalisation de l’Avenue de Biarritz peut être réalisée afin de réduire les îlots de chaleurs sur cette zone, réduire les fortes températures estivales et embellir cet axe. La végétalisation serait réalisée sur certaines place de stationnement, et environ 15 arbres pourraient être plantés. En complément, le marquage pourrait être revu pour amener une meilleure lisibilité des bandes cyclables. En revanche, concernant ce même projet sur l'avenue Casselardit, l’avenue est très étroite et ne dispose aujourd’hui d’aucun aménagement cyclable. Il convient donc de réfléchir à un projet plus global sur cette avenue. Cette partie de l'idée ne sera pas réalisable dans le cadre de cet appel à idées.",Nature en ville,150000,19 - Casselardit / Fontaine-Bayonne / Cartoucherie,46,43,1124,19,Casselardit / Fontaine-Bayonne / Cartoucherie,2.4,False,0
141,183,"Le WorksParc, un complexe sportif en plein air, au croisement entre plusieurs disciplines ( Street Worksout, Chase Tag, Parkour)","Aujourd'hui le manque d'espace sportif en accès libre et en plein air impact beaucoup plus de personnes qu'ont le croit. Cela fait maintenant une quinzaine d'années que moi et plusieurs autres habitants sommes obligés de faire 3-4 km (parfois beaucoup plus) juste pour faire nos sessions de sport journalières. (Poids corps, pas forcément en salle de sport).Le déplacement n'est pas forcément le problème, c'est même une force en réalité mais l'idée est surtout de dynamiser le quartier qui est une richesse mal exploiter. Nous aurions préféré revaloriser l'image de la Reynerie à travers des entrainements ou des évènements en groupe ou chacun pourrait venir selon son emploi du temps. Mais aussi revaloriser l'image du quartier, qui a vue émerger des sportifs comme Benyamine El Ouafi aujourd'hui membre de l'équipe de Chase Tag UNITED (Champion du monde 2019 - Vice champion de France 2021), qui est un pur fruit de ces sports de barres. Cela pourrait être un projet ou jeune et moins jeune serait entretenu dans une ambiance sportive et saine au cœur du quartier de la Reynerie. Enfin, ce projet concerne directement une cinquantaine de jeunes dans la Reynerie, mais aussi dans le grand Mirail et la ville de Toulouse.Modalités de réalisation - Avis technique :Cette idée est pertinente sur le quartier, en phase avec le Projet de renouvellement urbain de la Reynerie. Un équipement worksparc en accès libre pourrait-être installé dans le cadre du futur parcours sportif qui traversera le quartier.",Cadre de vie,200000,17 - Mirail-Université / Reynerie / Bellefontaine,21,128,1502,17,Mirail-Université / Reynerie / Bellefontaine,6.3,True,1
142,72,Anti-moustiques - Distribuer des nichoirs à chauves-souris,"Pour continuer la lutte contre les moustiques, l'idée serait de distribuer des nichoirs à chauve-souris que les habitants pourront installer chez eux. Le mode de fonctionnement serait similaire à la distribution des composteurs déjà en place.Modalités de réalisation - Avis technique :Les nichoirs à chauve-souris sont moins pertinents car les chauves-souris ont une activité crépusculaire voire nocturne, et les moustiques tigres piquent particulièrement en journée (matinée et début de soirée avant la tombée de la nuit), de fait ce ne sont pas les prédateurs les plus efficaces pour lutter contre ces moustiques. Cette solution doit être utilisée avec pragmatisme. Elle s’inscrit dans le cadre de la préservation de la biodiversité et de l’approche éco-systémique mais elle n’est pas la plus appropriée pour lutter contre le moustique tigre. D’autres solutions comme les pièges pondoirs devraient être priorisés car ils interviennent sur une étape clé et incontournable du cycle de vie du moustique tigre et sont spécifiques à cette espèce. La mise en œuvre de pièges pondoirs est donc proposée comme alternative. Attention toutefois si les nichoirs devaient être proposés pour des espaces privés car cette mesure doit être adoptée en Conseil Municipal pour être mise en œuvre généralisée pour l’ensemble du territoire toulousain.Coût par nichoirs : 30 euros. / Cout par piège pondoir = 30 euros pour 2Pour tout Toulouse (à destination des particuliers) = 60 000 euros",Nature en ville,60000,8 - Minimes / Barrière de Paris / Ponts-Jumeaux / La Vache / Raisins / Fondeyre,115,58,1471,8,Minimes / Barrière de Paris / Ponts-Jumeaux / La Vache / Raisins / Fondeyre,3.1,True,1
143,54,Aménagement du parc Fontaine Lestang (Les Biscottes),"Optimiser le parc fontaine lestang (dit des biscottes) tout en préservant des espaces sauvages. agrandir l'espace de jeux pour les enfants en améliorant la visibilité vers le centre du parc repenser les jeux pour les plus grands (une nouvelle aire de jeux a été aménagée il y a 2-3 ans mais ce sont des enfants de 5 à 7 ans qui s'y intéressent)/ pour les ados il n'y a rien. par ex : du plus modeste au plus ambitieux table de ping pong panier de basket skate park, pump trak plus de banc et de tables , de recoins aménagés... ce parc présente de nombreuses possibilités (grand espace, grands arbres) mais les habitants du quartier se concentrent sur 1/4 du parc parce que le reste est moins accessible pourquoi pas un espace de jardin partagé où les habitants pourraient planter des fleurs des légumes avec les enfants merci pour le déplacement du parc caninModalités de réalisation - Avis technique :Aménagement de ce parc via l’implantation de tables de ping-pong, de pique-nique et de bancs supplémentaires. Cependant, les plus grosses infrastructures proposées – skate park, pump track et même le jardin partagé (et les allées induites) - ne peuvent être envisagées car le parc est classé en EBC (Espace boisé Classé), ne permettant pas la minéralisation d’espaces supplémentaires.",Cadre de vie,44000,16 - Fontaine-Lestang / Arènes / Bagatelle / Papus / Tabar / Bordelongue / Mermoz / La Faourette,31,52,1286,16,Fontaine-Lestang / Arènes / Bagatelle / Papus / Tabar / Bordelongue / Mermoz / La Faourette,2.3,False,0
144,196,Arbres fruitiers ,"Arbres fruitiers dans le quartier st Simon et alentours , pour apporter de la verdure et pouvoir voir grandir les arbres afin de goûter les fruits.Modalités de réalisation - Avis technique :La plantation d’un verger peut être envisagée sur le parc de Gironis ou sur les installations sportives chemin de Liffard, à proximité de l’école. Une analyse de pollution des sols devra cependant être menée avant de lancer le projet sur le site sélectionné. Ces arbres pourront être entretenus par les services municipaux et le verger sera en auto gestion par les riverains. Des panneaux d’information pédagogiques pourront être installés pour indiquer les bonnes pratiques de cueillette.",Consommation responsable,40000,14 - Saint-Simon / Lafourguette / Oncopole-Campus Santé du Futur,36,17,679,14,Saint-Simon / Lafourguette / Oncopole-Campus Santé du Futur,6.4,False,0
145,66,Arbre fruitier dans les parcs,"Bonjours On voit beaucoup de platanes au bord de certains axe ou dans des parc. Ils sont certe résilient, font de l'ombre et n'ont pas de branches basses pouvant etre gênante pour les piéton et voitures. Mais serait il possible (premièrement d'en planter plus, mais surtout) de planter aussi des arbres fruitier. Notamment dans les parc où les fruits ne risquent pas de tomber sur un route et gêner la circulation. Les pommes, poires, abricots, cerises ou prunes sont sûrement les fruits qui pousseraient le mieux car on retrouve un fortes production de ces fruits au nord de Toulouse. Les passant pourraient récolter les fruits pour leur propre consommation. Ils ne seraient certe pas aussi qualitatif que les fruits du commerce mais ils auront le mérite d'être disponible pour tous. On pourrait sinon penser en planté dans les cours d'école mais c'est une autre idée. CordialementModalités de réalisation - Avis technique :Ce projet consiste à planter des arbres fruitiers ou une haie fruitière sur le jardin du Barry, autour du futur jardin partagé prévu dans le cadre de la rénovation du jardin. Une cueillette libre serait donc accessible aux habitants du quartier.",Nature en ville,25000,19 - Casselardit / Fontaine-Bayonne / Cartoucherie,35,29,1170,19,Casselardit / Fontaine-Bayonne / Cartoucherie,2.4,False,0
146,6,Planter des arbres et plantes comestibles,"Augmenter fortement la proportion d'arbres et buissons de fruits comestibles que ce soit dans les parcs, dans les rues (rue de Metz par exemple), sur les places ou dans les écoles. Quoi de plus agréable que de pouvoir profiter de fruits et les cueillir directement lorsqu'ils sont mûrs ! Pommes, poires, figues, framboises, cassis, cerises ; un grand nombre de variétés peuvent pousser à Toulouse. Apprenons à nos enfants où et comment sont fait les fruits ! Et pourquoi pas des petites zones potagères sur les petites places de la ville que les habitants et passants du quartier pourraient entretenir, éventuellement avec le tutorat d'associations expliquant comment faire pousser les choses et quoi faire à quel moment... Bref, -beaucoup- plus de nature en ville !Modalités de réalisation - Avis technique :La présence d’essences à fruits n’est pas souhaitable sur les espaces publics, notamment en raison des revêtements en matériaux naturels. En ce qui concerne la rue de Metz, il est déjà prévu de végétaliser davantage cette rue dans le cadre de son prochain réaménagement au titre du Projet Toulouse Centre.Cependant, de telles plantations sont possibles dans les jardins publics : il est donc proposé de planter des arbres fruitiers et petits fruits dans le jardin d'Embarthe.Il est possibilité de planter à cet endroit 3 arbres fruitiers et une quinzaine d’arbustes à petits fruits.",Nature en ville,3000,1 - Capitole / Arnaud Bernard / Carmes,61,41,1391,1,Capitole / Arnaud Bernard / Carmes,1.1,True,1
147,150,Coup de pinceau sur le béton du quartier,"Il s’agit d’embellir avec des œuvres d’artistes de rue des murs de bétons bruts du quartier : Trémie Saint Agne, Pont de la voie ferrée Avenue Crampel, murs de soutènement du Pont du Stadium . L’idée consiste à installer des œuvres qui sensibilisent à l’écologie (A-MO, Bordalo, Louis Masai Michel, …) A l’échelle de la ville, on pourrait imaginer que la ville de Toulouse propose un parcours de découverte de Toulouse à vélo sous l’angle du street-art.Modalités de réalisation - Avis technique :Création d’une fresque murale sur un mur d'envergure dans un des quartiers suivants : Saint-Agne, Saint-Michel, Le Busca ou l’Île du Ramier. Un ou deux sites potentiels devront être identifiés par la Mairie. Le sujet ainsi que la localisation et l’envergure de l’œuvre sera défini plus précisément par une commission composée d’élus municipaux et du ou des artiste(s) sélectionné(s) par la collectivité pour la réalisation.",Cadre de vie,50000,5 - Saint-Michel / Saint-Agne / Empalot / Le Busca / Ile du Ramier / Monplaisir,56,40,919,5,Saint-Michel / Saint-Agne / Empalot / Le Busca / Ile du Ramier / Monplaisir,5.3,False,0
148,193,Eisenhower : arbres pour pistes cyclables,"J'effectue un trajet à vélos domicile/travail et je propose de planter des arbres le long de l'avenue pour avoir de l'ombre sur les pistes cyclables. Surtout le long de l'avenue Eisenhower qui est longues, très chaude l'été avec la circulation et surtout avec 0 couverture tout le long. Aussi, cela rajoutera un peu d'esthétique à l'endroit et sans doute diminuer un peu le taux de pollution sur cette artère.Modalités de réalisation - Avis technique :La demande exprimée correspond aux objectifs de la collectivité de végétaliser et de planter l’avenue Eisenhower, afin notamment d’apporter de l’ombre aux espaces dédiés aux modes doux.Ces plantations pourront s’intégrer à moyen terme dans le projet de requalification de l’avenue Eisenhower prévu par la Métropole et dont les études vont démarrer en 2023 sur la section située entre le rond-point Firmin PONS et le carrefour Eisenhower / Seysses pour un démarrage des travaux avant la fin du mandat actuel et une livraison complète dans le courant du mandat suivant.Aussi, à ce titre il n’est pas envisageable de planter le long de l’avenue sans avoir terminé les études en lien avec ce projet de requalification complète. Pour autant, le projet de plantation prévu au titre du Projet Urbain Partenarial de St SIMON EISENHOWER mis en œuvre dès la fin 2022 ou 2023, répondra à la proposition formulée pour la section de voie verte longeant le côté sud de l’avenue Eisenhower entre le chemin de Basso Cambo et celui de Lestang.Les plantations prévues le long de la voie verte (environ 80 arbres) seront effectuées entre la voie verte et le fossé d’eaux brutes dans cette section.",Nature en ville,80000,14 - Saint-Simon / Lafourguette / Oncopole-Campus Santé du Futur,81,41,1630,14,Saint-Simon / Lafourguette / Oncopole-Campus Santé du Futur,6.4,True,1
149,62,Aménagement allée Joséphine Baker,"Réaménagement de l'allée Joséphine Baker des 2 côtés du tram - Côté jardins partagés / base militaire : Création d'une piste cyclable non partagée avec les piétons le long du tram qui pourra se prolonger avec la voie déjà existante au nord en direction de l'arrêt Zénith. - Côté Zénith : Ouverture et aménagement de la zone en friche jusqu'aux murs longeant le Zénith. Mise en valeur de l'art urbain déjà présent sur ces murs. Création d'une aire de jeux pour enfants, d'un parcours santé.... - Aux 2 extrémités : traversée sécurisée des voies de tramModalités de réalisation - Avis technique :Aménagement des allées Joséphine Baker en faisant une nette distinction entre la piste cyclable et le cheminement piéton, avec la création d’une sente piétonne végétalisée avec des arbres de faible hauteur. Concernant la proposition d'aire de jeux et d'aménagement de cette friche, cette piste n’a pas été étudiée car un équipement de ce type sera déployé dans le jardin du Barry, sur le parc de la troisième tranche de la Cartoucherie, et car un réaménagement totale dépasserait les 200 000€ alloués pour chaque idée.",Éco-mobilité,200000,19 - Casselardit / Fontaine-Bayonne / Cartoucherie,39,33,1112,19,Casselardit / Fontaine-Bayonne / Cartoucherie,2.4,False,0
150,52,Végétaliser pour limiter la surchauffe estivale et confort de quartier...,"... en plantant des arbres dans les rues très bituminées, les végétalisant et/ou modifiant les matériaux de sol. Les rues secondaires concernées devront préalablement être mises en sens unique pour se faire, pour gagner de l'espace, du confort et de la sécurité pour tous les usagers. Cette demande répond également à l'ambition de la mairie actuelle de plantation des 100 000 arbres. Localisation : Quartier Fontaine Lestang à ToulouseModalités de réalisation - Avis technique :Végétalisation du quartier Fontaine Lestang dans les rues les plus bitumées afin de lutter contre les îlots de chaleurs et réduire les températures estivales. Les zones de plantations exactes seront concertées avec les riverains, afin de déterminer collectivement les places de stationnement qui pourraient être remplacées par des espaces verts.",Nature en ville,150000,16 - Fontaine-Lestang / Arènes / Bagatelle / Papus / Tabar / Bordelongue / Mermoz / La Faourette,96,73,824,16,Fontaine-Lestang / Arènes / Bagatelle / Papus / Tabar / Bordelongue / Mermoz / La Faourette,2.3,True,1
151,178,Installation de bornes de recharge électrique dans le parc HLM/ZFU,"La transition écologique est en marche à Toulouse, mais de nombreux foyers, les plus modestes et donc ceux ayant par défaut un parc automobile plus vieux que la moyenne et bénéficiant des primes locale/nationale à la transition les plus élevés concernant le renouvellement et la mise au rebut de leur ancien véhicule, on se voit face a un problème majeur qui n’est pas traité par la municipalité :celui de l’accès aux bornes de recharge dans les zones à forte densité d’habitation type HLM/ZFU. En effet, les habitants d’immeubles ne peuvent pas se permettre l’achat d’un véhicule électrique en raison de l’absence de bornes de recharge individuel, les bornes de recharges publiques (payantes) sont donc indispensables Dans les quartiers majeurs toulousains. Afin de ne pas mobiliser ses bornes pour les mêmes véhicules, les places doivent être réservé uniquement sous peine d’amende aux véhicules électriques, et la recharge doit être limité à quelques heures maximum par véhicule, le principe de la réservation d’un créneau pouvant être exploité avec un crédit de recharge accordé à chaque véhicule par semaine Sur la même borne. Il est en 2021, stupéfiants de voir que ce possédant les véhicules thermiques les plus anciens et bénéficiant des aides à la transition les plus haute du faîte de leurs revenus modestes, sont ceux ayant le plus de freins à la recharge électrique.Modalités de réalisation - Avis technique : L’essor de nouveaux véhicules électriques et l’engouement des usagers pour la mobilité électrique imposent à Toulouse Métropole de poursuivre sa stratégie de déploiement des infrastructures de recharge dans une logique de cohérence et d'équité du territoire. A l’automne 2022, plus de 360 points de charge/places de stationnement dédiées à la recharge de véhicules (180 bornes de recharge) seront déployées, dont près d’un tiers de charge rapide ou ultra-rapide. + d'infos sur toulouse-metropole.frSur le quartier 6.3, des bornes de recharge normales et ultra-rapides vont être déployées sur le parking relais à proximité du métro Basso-Cambo. Le projet IRVE engagé par Toulouse Métropole cette année permettra potentiellement d’identifier d’autres projets de déploiement des bornes de recharge à court terme dans le quartier.",Éco-mobilité,10500,17 - Mirail-Université / Reynerie / Bellefontaine,2,66,2248,17,Mirail-Université / Reynerie / Bellefontaine,6.3,False,0
152,153,Réduction de la pollution lumineuse,"A l'instar du nouvel éclairage de la place du Busca et de l'avenue Frizac, équiper les rues du quartier aboutissant à la place du Busca de luminaires led éclairant uniquement vers le sol., contrairement aux lampadaires actuels qui éclairent violemment les façades provoquant inconfort pour les riverains et pollution lumineuse. Ceci présenterait le double avantage de réduire la consommation électrique et la pollution lumineuse. A terme un plan global de réduction de la pollution lumineuse à l'échelle de la métropole serait souhaitable. Toulouse, berceau du CNES doit pouvoir retrouver ses étoiles.Modalités de réalisation - Avis technique :Equiper les lampadaires du Busca le long du Canal du Midi de détecteurs de forme. La détection de forme permet de maîtriser les couts d’exploitation de l’éclairage en apportant la lumière uniquement en cas d’usage avéré de l’espace public. Il s'agit de détecter la présence de mouvements humains la nuit. Les lampadaires ne fonctionneraient qu’à 20% de leur puissance, sauf quand ils détectent une personne.",Énergie,50000,5 - Saint-Michel / Saint-Agne / Empalot / Le Busca / Ile du Ramier / Monplaisir,113,35,1051,5,Saint-Michel / Saint-Agne / Empalot / Le Busca / Ile du Ramier / Monplaisir,5.3,True,1
153,85,Construire et installer un four à pain collectif dans le quartier des 7 Deniers,"Afin de recréer du lien social autour de la fabrication du pain (qui a repris beaucoup de vigueur avec les confinements successifs), il est proposé de construire et installer un four à pain collectif dans le quartier des 7 Deniers.Modalités de réalisation - Avis technique :La construction d’un four à pain peut être envisagée, avec tout de même quelques réserves et conditions préalables. La gestion de cet équipement devra se faire sous la responsabilité d’une personne (physique ou morale) afin d’éviter certaines nuisances liées aux incivilités potentielles. Il n'est pas envisageable de laisser ce four en libre-service, s’il est alimenté par du bois. En revanche, il pourrait être envisagé de mettre en place un four électrique. Il faudrait alors intégrer cet équipement dans un bâtiment clos (environ 8/10m2) afin de le sécuriser en période d’inactivité. Un site potentiel a été identifié : sur l'espace public à proximité du passage André Chaubet.",Cadre de vie,72000,7 - Sept Deniers / Ginestous-Sesquières / Lalande,7,79,955,7,Sept Deniers / Ginestous-Sesquières / Lalande,3.2,False,0
154,100,Kiosque au Jardin Michelet,"Pour donner un peu plus de vie au beau jardin Michelet, pourquoi ne pas installer un kiosque voire guinguette, pour donner plus de vie au parc qui n'est pas assez exploité, la parc pourrait par ailleurs aussi accueillir certains évènements puisque il n'y a aucun évènement plein air dans le quartier Bonnefoy. Le kiosque pourrait vendre boissons et encas à consommer sur place et pourrait être prétexte à des évènements comme des concerts, ou des expositions. Le potentiel de ce parc est pour l'instant inexploité et le faubourg n'a toujours pas son point de ralliement incontournable comme certains quartiers ont. Il n'est pour l'instant qu'un passage vers le centre ville.Modalités de réalisation - Avis technique :Cette suggestion est apparue lors de la concertation sur le réaménagement du jardin Michelet. Le Jardin Michelet est un jardin classé Espace Classé Boisé. Les zones classées ne peuvent pas être construites pour accueillir un kiosque ou une buvette en dur (création d’un bâtiment). En revanche, une buvette mobile(déplaçable à vélo) mobile et saisonnière est envisageable et serait en cohérence avec les usages apaisés d’un jardin. Cette année, une première expérimentation a eu lieu dans le jardin.",Cadre de vie,10000,4 - Lapujade / Bonnefoy / Périole / Marengo / La Colonne,46,26,1215,4,Lapujade / Bonnefoy / Périole / Marengo / La Colonne,4.1,True,1
155,64,Limiter l'éclairage des équipements - Cartoucherie-Zenith,"L'éclairage des derniers étages des parkings de la Cartoucherie (notamment le P2), qui sont à ciel ouvert, sont trop intenses et nuisibles à la fois pour les habitants du secteur (notamment l'été, quand les fenêtre restent ouvertes la nuit), et surtout pour la biodiversité (on se croirait en plein jour). Pourquoi ne pas y mettre des détecteurs pour que ça s'éteigne quand il n'y a pas d'utilisation du parking ? De même pour le parking du Zénith qui est éclairé en permanence pour rien, surtout avec des vieux éclairages encore plus nuisibles (dans ce cas, même pas besoin de détecteur, une simple extinction la nuit est idéale comme c'est un parking fermé utilisé que pour le Zénith).Modalités de réalisation - Avis technique :Remplacer les éclairages sur le parking du Zénith pour un éclairage plus moderne et plus écologique via un passage en LED peut-être réalisé. En revanche, la partie de l'idée concernant les parkings silos ne peut pas être réalisé dans le cadre de cet appel à idées, ceux-ci n'appartenant pas à la collectivité.",Énergie,100000,19 - Casselardit / Fontaine-Bayonne / Cartoucherie,50,57,1039,19,Casselardit / Fontaine-Bayonne / Cartoucherie,2.4,True,1
156,192,Végétalisation de la ZA Thibaud,"L’objectif est de favoriser la diminution de la température ambiante zone de Thibaud, une des zones les plus chaudes de Toulouse. -	Implantation d’arbres tout le long de la zone artisanale et commerciale de Thibaud et Larrieu afin de baisser la température ambiante (chaque commerce ou société reçoit un arbre et doit lui prodiguer les soins appropriés), en partenariat avec ARBRES ET PAYSAGES D'AUTAN, association dont la mairie de Toulouse est membre, -	Essences d’arbres toutes différentes pour limiter les infestations liées à une seule population d’arbre, -	Favorisation du retour des espèces d’oiseaux dans notre ville, -	Favorisation de la pollinisation des fruitiers implantés prochainement à proximité sur le domaine de Candie, - Limitation des pollutions liées aux véhicules (bruits, odeurs, particules)Modalités de réalisation - Avis technique :La plantation de la zone d’activité Thibaud est partiellement réalisable car le foncier est très contraint (entrée-sortie de véhicules, trottoirs insuffisants, foncier privé). Les quelques arbres éparses qui pourraient être plantés sur certains secteurs de l’espace public produiraient cependant un faible apport paysagé.",Nature en ville,60000,14 - Saint-Simon / Lafourguette / Oncopole-Campus Santé du Futur,67,31,1177,14,Saint-Simon / Lafourguette / Oncopole-Campus Santé du Futur,6.4,True,1
157,198,Mettre des poubelles à tous les arrêts de bus,"Je prends le bus tous les jours pour aller au travail et nombre d’entre eux n’ont pas de poubelle à côté de l’arrêt. Cela pose un vrai problème quand il faut jeter ses déchets avant de monter dans le bus (emballage, mégot de cigarette…)Modalités de réalisation - Avis technique :24 arrêts de bus sont recensés sur le quartier Compans-AmidonniersLes arrêts les plus fréquentés sont déjà équipés de corbeilles avec éteignoir.Il a été comptabilisé une vingtaine d’arrêts environ restant à équiper sur ce quartier. ",Cadre de vie,10700,2 - Amidonniers / Compans-Caffarelli / Brouardel,15,45,511,2,Amidonniers / Compans-Caffarelli / Brouardel,1.2,False,0
158,12,Végétalisation place saint sernin rue alsace parvis de la gare,"Remplacer les trop nombreux pavés par des pelouses et des arbres rue alsace, place saint sernin parvis gare matabiau. dans la mesure du possible bien surModalités de réalisation - Avis technique :En ce qui concerne la rue Alsace Lorraine, un renfort en terme de végétalisation peut-être étudié : les aménagements retenus devront cependant recueillir l'avis favorable de l'Architecte des Bâtiments de France et correspondre aux exigences/contraintes liées à la forte fréquentation piétonne et aux multiples usages de la rue. En revanche, la place Saint-Sernin a fait l'objet d'un réaménagement d'envergure au titre duquel plus de 80 arbres ont été plantés. Un jardin a été créé au chevet de la basilique et un jardin/aire de jeux ont été créés dans la cour du gymnase St-Sernin (en lieu et place d’un parking). Sur la place St-Sernin, la plantation des arbres a été contrainte à titre réglementaire (site classé UNESCO) mais également par la présence de vestiges archéologiques à une profondeur très faible (-20cm sur le parvis, -40cm devant le lycée). Le choix a donc été fait de surélever le sol afin de permettre la plantation d’arbres. Des plantations supplémentaires ne sont donc pas envisageables. Cette partie de l'idée ne sera pas soumise au vote.",Nature en ville,200000,1 - Capitole / Arnaud Bernard / Carmes,105,62,1254,1,Capitole / Arnaud Bernard / Carmes,1.1,True,1
159,176,Réhabilitation du parcours de maniabilité Vélo et VTT,"A coté du site Toulouse Véto Agility il y avait Cyclo gym ! les équipements ont pratiquement tous été retirés, alors qu'il y a de nombreux utilisateurs qui pourraient profiter d'un parcours de maniabilité.Modalités de réalisation - Avis technique :Il n’y a pas d’autres éléments de ce type sur Toulouse. Il pourrait être intéressant de réhabiliter ce parcours de maniabilité afin d’évaluer l’engouement existant pour cette pratique.",Cadre de vie,40000,18 - Lardenne / Pradettes / Basso-Cambo,2,53,432,18,Lardenne / Pradettes / Basso-Cambo,6.2,False,0
160,91,Nichoirs à martinets et chauve souris + pièges à larves ou à adulte de moustique tigre,"A l'instar d'autres communes de la métropole, il serait utile d'envisager une participation de la mairie au coûts de nichoirs à martinets et chauve-souris (une commande massive par la mairie permettant aussi de faire baisser les prix à l'unité) pour une lutte collective contre le moustique tigre. Ces nichoirs seraient distribués aux particuliers qui les placeraient à leur domicile. Il pourrait être envisagé également, sur le même principe, une participation à des pièges à larves ou à adultes de moustiques tigres.Modalités de réalisation - Avis technique :Concernant les chauves souris, elles sont utiles contre les moustiques (notamment du genre Culex). Contre les moustiques tigres (du genre Aedes) qui piquent notamment la journée, les chauves-souris - qui ont une activité crépusculaire voire nocturne - ne peuvent pas déployer toute leur efficacité. Pour des questions de biodiversité, il est très utile de favoriser l’installation de chauves souris sur le territoire mais dans le cadre de la lutte contre la présence du moustique tigre, d’autres solutions sont à privilégier en priorité. Les martinets font partie de l’avifaune diurne prédatrice d’insectes volants. Toutefois, les couloirs aériens sont trop élevés pour les moustiques tigres et l’installation de nichoirs est exclu car pour que les nichoirs puissent être colonisés, ils devront être installés à proximité d’une colonie existante ou faire l’objet d’une campagne de repasse (bande son reprenant le cri des martinets).Les nichoirs à hirondelles peuvent être plus intéressants car la hauteur de vol des hirondelles en font des prédateurs naturels d’insectes volants, comme le moustique tigre. En termes de colonisation, les mêmes difficultés s’imposent que pour les martinets. La mise en œuvre de pièges pondoirs semble être l’idée la plus appropriée, attention toutefois car cette mesure doit être adoptée en Conseil Municipal pour être mise en œuvre et, si c’est le cas, elle viendrait à être généralisée pour l’ensemble du territoire toulousain, nécessitant ainsi un budget important.Coût par nichoirs : 30 euros.Cout des pièges pondoirs 30 euros pour 2. Il faut compter un budget de 60 000 € environ pour équiper les espaces privés de Toulouse et 12 000 € pour équiper les Espaces publics.",Nature en ville,60000,9 - Trois Cocus / Borderouge / Croix-Daurade / Paléficat / Grand Selve,111,86,2267,9,Trois Cocus / Borderouge / Croix-Daurade / Paléficat / Grand Selve,3.3,True,1
161,148,Plan du voisinage aux sorties de métro,"Aux stations de métro et sur les abris bus des arrêts des Linéo, il y a seulement un plan du réseau Tisséo qui ne permet pas se repérer, ou un plan juste pour les correspondances. Il manque un plan du voisinage pour se repérer, trouver une rue à proximité, avec les équipements, services.Modalités de réalisation - Avis technique :Installation de panneaux de voisinage indiquant les lieux d'intérêts (monuments historiques, établissements de santé, équipements publics ...) à travers les quartiers Saint-Michel, Saint-Agne, Le Busca, Empalot et l'Île du Ramier.",Cadre de vie,6000,5 - Saint-Michel / Saint-Agne / Empalot / Le Busca / Ile du Ramier / Monplaisir,24,38,561,5,Saint-Michel / Saint-Agne / Empalot / Le Busca / Ile du Ramier / Monplaisir,5.3,False,0
162,37,Clarifier les priorités à la sortie de la rue Réclusane,"Proposition : Clarifier voire repenser les règles de priorité au débouché de la rue Réclusane. Pourquoi ce besoin : Les voitures et vélos sortant de la rue Réclusane vers les allées Charles de Fitte bénéficient en principe de la priorité à droite en s'engageant. Dans la pratique, cette règle semble peu respectée par les personnes circulant sur les allées Charles de Fitte. Par ailleurs, les règles de priorité entres vélos et voitures ne sont pas si claires en pratique (carrefour ou des vélos venant des allées ou des pistes cyclables traversent ou s'engagent vers la rue Réclusane. Cela peut mener à des incompréhensions, colère voire danger de collision.Modalités de réalisation - Avis technique :Clarifier les sens de sortie sur la rue Réclusane et faciliter la traversée piétonne, en refermant le carrefour et en gommant la voie dédiée à l’accès de l’hôpital. Cet accès, utilisé pour les accès secours et quelques livraisons, pourraient être aménagé en trottoir avec un accès limité au CHU. La mise en œuvre d’un Cédez le Passage au débouché de Réclusane sur les allées Charles de Fitte permettra par ailleurs une meilleure lisibilité de l’ensemble.",Cadre de vie,40000,6 - Saint-Cyprien,9,55,1156,6,Saint-Cyprien,2.1,False,0
163,180,Pépinière-jardin du quartier Reynerie-Bellefontaine,"Pour accompagner le projet ""quartier fertile"" de la métropole, nous proposons d'installer, sur le quartier Reynerie-Bellefontaine, une ""pépinière-jardin de quartier"" qui aura pour objectif la production de jeunes plants variés (plantes annuelles, vivaces et ligneuses) pour accompagner le besoin en végétalisation durable de ce quartier, et celle plus largement de la métropole, qui doit lutter contre la perte de biodiversité et participer à diversifier notre assiette en retrouvant l'usage de plantes oubliées. Cette production sera émancipée des ressources fossiles, autonome grâce au matériel végétal du jardin conservatoire, et participatif avec l'implication des habitants, notamment les riverains, ainsi que grâce à des partenariats avec des acteurs à proximité permettant de rendre les activités et les produits accessibles aux personnes les plus fragiles et aux jeunes de ce quartier. Nous cherchons à installer le lieu sur une parcelle au sol dégradé par les activités humaines, afin de démontrer la capacité de valorisation du paysage et cadre de vie des habitants, par nos actions (régénération d'un sol et végétalisation, lien social, dynamique économique,...).Modalités de réalisation - Avis technique :La collectivité pourra mettre à disposition, de manière temporaire, un terrain aménagé raccordé à l’eau, sur le secteur sud-est de Reynerie.Ce projet consiste à aménager des friches pour permettre la culture (mise à disposition du terrain, travaux d’arrosage, clôture et mobilier, installation de points d’eau et d’électricité), un appel à projet devra être lancé pour trouver une structure pour l’animation de cette pépinière.",Nature en ville,75000,17 - Mirail-Université / Reynerie / Bellefontaine,20,51,1644,17,Mirail-Université / Reynerie / Bellefontaine,6.3,False,0
164,169,Stop aux moustiques ! Passons aux pièges ! ,"Bonjour à tous, la ville de Toulouse ne démoustiquant plus, mon idée serait d’investir dans des pièges à moustiques comme le font déjà d’autres villes ! En installant des pièges à moustiques connectés, les pièges calculent le nombre de captures, afin d’étudier les emplacements les plus attaquer par les moustiques. Toulouse conserverait sont label « sans pesticide » et pourrait gérer la prolifération des moustiques. Et Nous pourrons enfin profiter des terrasses et extérieurs sans se faire attaquer ! Merci à tousQuartier : LardenneModalités de réalisation - Avis technique :La Mairie de Toulouse utilise des bornes anti-moustiques à proximité des lieux clos comme les établissements de petite enfance (efficacité de 15 à 60m). Leur principe de fonctionnement est d’imiter une présence humaine et de capturer sur l’étape de piqûre.A l’échelle du quartier, le dispositif pourrait être complété par l’installation de 40 pièges pondoirs sur le quartier pour lutter contre les moustiques tigres. Les pièges pondoirs stoppent la prolifération (ponte) et capturent les moustiques tigres. Spécifiques à cette espèce, cette solution intervient sur une étape clé et incontournable du cycle de vie du moustique tigre.",Nature en ville,5700,18 - Lardenne / Pradettes / Basso-Cambo,67,43,1210,18,Lardenne / Pradettes / Basso-Cambo,6.2,True,1
165,165,De l'art sur les murs aveugles,L'idée serait déjà de recenser les murs aveugles dans la ville et d'y proposer des œuvres de taille importante. La photo de Claude Nougaro à Saint Pierre en est un exemple mais il y a aussi pleine de grandes villes qui proposent des fresques. Introduire l'art dans le quotidien et pas seulement dans les musées. Les Toulousains et les touristes pourraient faire des photos devant et promouvoir la ville via les réseaux sociaux.Modalités de réalisation - Avis technique : La mairie de Toulouse développe depuis plusieurs années une Galerie A Ciel Ouvert et propose des visites street art avec l’office de tourisme. Toute nouvelle réalisation pourra intégrer les parcours qui évoluent sans cesse. Le sujet ainsi que la localisation et l’envergure de l’œuvre seront définis plus précisément par la « Commission art dans l’espace public ».,Cadre de vie,100000,20 - Arènes Romaines / Ancely / Saint-Martin du Touch / Purpan,17,30,835,20,Arènes Romaines / Ancely / Saint-Martin du Touch / Purpan,6.1,False,0
166,29,Piste vélos terrifique sur le boulevard Matabiau,"La plupart des cyclistes ont peur de l'emprunter : elle est parfois très étroite (surtout près du pont Matabiau), parfois encombrée de véhicules stationnés (surtout avant la passerelle du Raisin), jamais protégée des véhicules qui roulent trop souvent au-delà de 50 km/h. Donc les vélos passent sur le trottoir piétons en bordure de canal, et les piétons ne sont pas contents, ou sur le trottoir côté immeubles, et les piétons... Pourrait-on recalibrer la largeur, et, surtout, planter des ""balisettes"" (comme av. Honoré Serres proche) pour séparer les véhicules à moteur des cyclistes, ce qui devrait atténuer leur crainte de se faire écraser ?Modalités de réalisation - Avis technique :Le Boulevard Matabiau dispose de deux files de circulation et d’une bande cyclable de 1m20 qui se réduit sur certaines sections à 1m.Un travail sur les accotements délaissés le long du canal et sur le recalibrage des voies pourrait permettre de réaliser une bande cyclable plus confortable de 1m75, sans réduire le nombre de files dédiées aux automobilistes.De plus, une protection de cette bande pourrait être envisagée, par la mise en place de balisettes ou par la réalisation d'un ilôt en dur.La section étudiée dans le cadre de l'appel à idées se situe entre le Pont Matabiau et la passerelle du Raisin (mais un tel aménagement pourrait être prolongé).",Éco-mobilité,200000,3 - Les Chalets / Bayard / Belfort / Saint Aubin / Dupuy,83,48,1344,3,Les Chalets / Bayard / Belfort / Saint Aubin / Dupuy,1.3,True,1
167,151,Aménager la place Henri Russel,"La place Henri Russel est aujourd'hui entièrement minérale au sol, à l'exception des arbres qui l'entourent, elle est globalement délaissée par les habitants qui ne l'investissement pas. Son usage et sa conception doivent être repensés à l'instar de l'appel à idée qui est lancé. Proposition d'aménagement la concernant : - créer une barrière végétale qui l'isole de l'avenue Crampel - créer un espace de jeu pour enfant sur la thématique des 7 grottes d'Henri RusselModalités de réalisation - Avis technique : L'amélioration de la place Henri Russell sera envisagée comme cela :- Assurer l’accessibilité de la place et de ses traversées piétonnes; - Végétalisation- Installations de davantage d’assises; - Favoriser les déplacements modes doux en implantant des racks vélos et en déplaçant la station de station Vélô Toulouse; - Conserver l’offre de stationnement; - Mettre en valeur la fontaine Wallace; - Aménagement d'une aire de jeux",Nature en ville,200000,5 - Saint-Michel / Saint-Agne / Empalot / Le Busca / Ile du Ramier / Monplaisir,98,30,938,5,Saint-Michel / Saint-Agne / Empalot / Le Busca / Ile du Ramier / Monplaisir,5.3,False,0
168,124,Toilettes publiques Bois de Limayrac,"Créer des toilettes publiques dans le bois de Limayrac, plutôt proches de la zone de jeux pour enfants.Modalités de réalisation - Avis technique : Cette idée est réalisable.",Cadre de vie,60000,11 - Bonhoure / Guilheméry / Château de l'Hers / Limayrac / Côte Pavée,23,36,173,11,Bonhoure / Guilheméry / Château de l'Hers / Limayrac / Côte Pavée,4.3,False,0
169,75,Un double sens cyclable entre l'usine Airbus Saint-Eloi et le Canal du midi  (Chemin du Sang de Serp),"Afin de securiser les cyclistes et les pietons, je propose de rendre la portion du Chemin de Sang de Serp entre l'usine Saint-Eloi et le canal du midi. Aujourd'hui nombreux sont les cyclistes qui roulent sur les trottoirs! Il s'agit d'une rue dont un des sens est réservé aux cyclistes. Il ne s'agit pas d'un contresens, comme on l'entend encore parfois, mais d'un sens autorisé aux seuls cyclistes. Plusieurs études ont démontré que c'était un aménagement sûr, malgré le fait que cet aménagement est parfois impressionnant dans les rues étroites. Cyclistes et automobilistes doivent faire attention aux intersections. En bonus: marquer au sol un passage cycliste à coté des passages pietons sur le boulevard de l'embouchureModalités de réalisation - Avis technique :Des comptages trafic doivent être programmés du fait de l’étroitesse de la rue et du danger que cela peut représenter pour les cyclistes. Ces comptages permettront de statuer sur la réponse à apporter.Pour information, une étude d’aménagement cyclable est en cours pour relier l’arrière du site Saint-Eloi au Canal du midi (rue Montmorency, section Gounod - Canal). A l’étude sur Montmorency avec aménagement tactique : 50 à 60 000€.Cette option peut remplacer la précédente si elle ne peut pas être réalisée.",Éco-mobilité,60000,8 - Minimes / Barrière de Paris / Ponts-Jumeaux / La Vache / Raisins / Fondeyre,43,101,1276,8,Minimes / Barrière de Paris / Ponts-Jumeaux / La Vache / Raisins / Fondeyre,3.1,False,0
170,33,"La rue Saint Nicolas,  artistique et ...fleurie?","La rue st Nicolas du quartier st cyprien (31300) est une rue passante entre la place de l'estrapade et le port Viguerie/Garonne. A proximité de Toulouse plage, c'est la rue des artistes. On y trouve des céramistes, un atelier de couture ""ART"", un atelier tournage/rencontre de cinéma latin, des designers, des peintres, une coiffeuse etc Rendons l'âme de cette rue authentique et passante ainsi que sa beauté en la revégétalisant au maximum. Il suffirait de mettre des fleurs sur les barrières, de végétaliser les trottoirs et/ou les bords des immeubles, de mettre des structures pouvant accueillir des fleurs etc. MERCIModalités de réalisation - Avis technique :Végétalisation de la rue Saint Nicolas par différents moyens. En végétalisant certaines façades à l’aide de treilles métalliques support de plantes grimpantes, avec l’implantation de mats végétalisés au sol, en remplaçant certaines places de stationnement par de la végétalisation comme ce qui a été fait sur la rue de la Chaine à Toulouse, et en végétalisant l’espace derrière la statue de l’église. Des fils métalliques entre les immeubles, avec l’accord des propriétaires, pourraient également être mis en place pour renforcer cette végétalisation.",Nature en ville,90000,6 - Saint-Cyprien,11,48,1214,6,Saint-Cyprien,2.1,False,0
171,102,Multiplier les points de source de fraicheur et de captation de CO2 dans le quartier ,"- dans tous les espaces verts publics, même de très petites surfaces actuellement non végétalisées : plantations d’arbustes dont l’entretien est facile, peu gourmands en eau : altéa, lyciante, corete du japon, budleia, laurier rose…. -massifs dans les parcs : privilégier l’installation des fleurs issues de bulbes et des vivaces plutôt que d’arracher des fleurs (souvent non fanées) puis d’en replanter : cout économique, écologique, en eau et mobilisation de ressources humaine qui pourraient être déployées sur des actions de plantations d’arbres par exemple - dans les parcs : laisser des zones non tondues pour favoriser la faune, la diversité et limiter l’évaporation de l’eau -inciter les habitants à végétaliser leurs balcons : créer deux évènements autour du 25 novembre (tout prend racine) et au début du printemps pour proposer des astuces pour les plantations, l’association de plantes, la gestion de l’arrosage et des boutures gratuitesModalités de réalisation - Avis technique :Il est possible de planter des arbres et de débitumer plusieurs sites du quartier.",Nature en ville,50000,4 - Lapujade / Bonnefoy / Périole / Marengo / La Colonne,115,85,1074,4,Lapujade / Bonnefoy / Périole / Marengo / La Colonne,4.1,True,1
172,58,Une piste cyclable pour une meilleure continuité rue Henri Desbals,"Aujourd'hui, il existe une discontinuité cyclable sur la rue Henri Desbals entre Mermoz et le boulevard Déodat de Séverac. Créer une continuité cyclable sécurisée sur ces 900 mètres permettrait de compléter cet axe qui a le potentiel de devenir une voie rapide et sécurisée pour rejoindre le centre ville depuis les quartiers, ainsi que l'Université Jean Jaurès depuis le centre-ville. Cette portion desservirai la station de métro Fontaine Lestang ainsi que l'école maternelle Etiennes Billières. Par ailleurs, favoriser les modes actifs sur cet axe c'est aussi une occasion d'apaiser la circulation automobile pour une meilleure sécurité et moins de pollution. Je propose de mettre en sens unique la rue Henri Desbals depuis la place Mermoz jusqu'au boulevard Déodat de Séverac. Avec une des deux voies libérées, il devient alors possible de créer une piste cyclable bidirectionnelle d'une largeur correcte (environ 3m). Cette mise en sens unique ne bloque pas la circulation des véhicules motorisés qui pourraient effectuer un détour soit par la rue Vestrepain, soit par la rue Gamelin. Je propose de d'abord réaliser cet aménagement en ""coronapiste"" jaune provisoire afin de ne pas bloquer des possibilités d'améliorations futures en cas de pérennisation. Ce choix permettrait aussi de réduire les coûts et d'avoir une piste à moindre frais !Modalités de réalisation - Avis technique :Expérimentation d'une mise à sens unique de la rue Henri Desbals entre Fontaine Lestang et Déodat de Séverac afin de créer une piste cyclable bidirectionnelle pour faciliter et sécuriser le déplacement des cyclistes. La mise en sens unique du reste de la rue nécessite une étude de circulation plus globale menée à l’échelle du quartier afin d’en mesurer les impacts. Cette portion a donc été écartée dans le cadre de cet appel à idées mais sera étudiée ultérieurement.",Éco-mobilité,45000,16 - Fontaine-Lestang / Arènes / Bagatelle / Papus / Tabar / Bordelongue / Mermoz / La Faourette,66,66,1858,16,Fontaine-Lestang / Arènes / Bagatelle / Papus / Tabar / Bordelongue / Mermoz / La Faourette,2.3,True,1
173,121,Toilettes séches dans la zone verte de la Plaine,"Toilettes sèches sur le linéaire de la Plaine, entre les voies Chaubet et Castres, et fléchages indiquant les toilettes existantes, ouvertes au public mais difficiles à trouver (celles situées entre la cité de l'Espace et les jeux de la Plaine).Modalités de réalisation - Avis technique :Cette idée est réalisable.",Cadre de vie,60000,11 - Bonhoure / Guilheméry / Château de l'Hers / Limayrac / Côte Pavée,21,48,314,11,Bonhoure / Guilheméry / Château de l'Hers / Limayrac / Côte Pavée,4.3,False,0
174,13,Esthétique des conteneurs de recyclage,"à Céret dans les PO, j'ai vu une belle idée: habiller les containers de recyclage de photos. Comme vous ventez l'œuvre de Dieuzaide sur Toulouse ce serait une idée? Je peux vous fournir une photo...Modalités de réalisation - Avis technique :Il peut être proposé une expérimentation sur quelques conteneurs avec des photos d’archives du quartier libres de droits. Le coût total d’un tel projet a été estimé sur la base de 6 conteneurs.",Cadre de vie,4000,1 - Capitole / Arnaud Bernard / Carmes,14,38,434,1,Capitole / Arnaud Bernard / Carmes,1.1,False,0
175,22,Sécuriser les piétons,"Les trottoirs sont utilisés par les cycles, voire les motocycles. Tracer, matérialiser , des pistes cyclables afin de sécuriser les utilisateurs de cycles et surtout les piétons. Les utilisateurs peuvent emprunter les voies de voitures (en zone 30) et bus mais l'interdiction d'utiliser les trottoirs n'est pas assez visible et n'est jamais sanctionnée. Certaines pistes sont tracées mais mal signalées et non respectées. Installer davantage de racks à vélos.Modalités de réalisation - Avis technique :En l'absence de localisation précise et au regard des signalements reçus par les services, il est proposé d'étudier la mise en sécurité particulièrement du boulevard Lacrosses.Contraintes : préserver la fonctionnalité des couloirs bus ainsi que le nombre de files, conserver les nombreux stationnements au profit des riverains et commerçants.Constats : racks à vélos présents mais concentrés sur le secteur de la cité administrative et l'entrée du métro Compans Cafarelli.Objectifs : 
recalibrage des marquages de voierie au profit d’une voie bus/vélos plus large, sur l'ensemble du linéaire, des 2 côtés du bvd, avec un renfort de marquage au sol appuyé
proposition de suppression d’une file de circulation entre les rues du Béarnais et de Sébastopol
gain d’emprise entre la rue du Béarnais et le Boulevard Maréchal Leclerc avec la suppression de l’ilot central.
",Éco-mobilité,150000,2 - Amidonniers / Compans-Caffarelli / Brouardel,22,21,1366,2,Amidonniers / Compans-Caffarelli / Brouardel,1.2,False,0
176,39,Des arbres pour la rue de la République (végétaliser la place Olivier),"La rue de la république et la place Olivier sont tellement dénudés.. C'est dommage car il n'y pas d'ombre, le béton garde le chaud et génère une inertie calorifique tellement forte l'été. C'est une rue très passante en voiture et elle chauffe aussi du fait de tous ces moteurs qui passent par là. Végétaliser serait un moyen de couvrir un peu du soleil mais aussi mieux respirer dans cette rue et sur cette place qui ne demandent qu'à devenir agréables.Modalités de réalisation - Avis technique :Densifier la végétalisation autour des pieds d’arbres de la place Olivier, afin de désimperméabiliser cette zone et réduire les températures pendant les périodes de forte chaleur. Par un jeu de pavés enherbés, le végétal pourrait se fondre dans le revêtement actuel. Concernant la rue de la République, la végétalisation est prévue et a été intégrée au projet de réaménagement qui vise à sécuriser les déplacements des piétons et des cyclistes et à mieux connecter la Rive Gauche à la Rive Droite. Elle ne sera donc pas étudiée dans le cadre de cet appel à idées.",Nature en ville,150000,6 - Saint-Cyprien,135,70,1059,6,Saint-Cyprien,2.1,True,1
177,168,Ralentisseurs chemin du Touch,"Je propose l'aménagement du Chemin du Touch avec ralentisseurs et piste cyclable. Il s'agit en effet d'une voie très passante, et assez longue pour que certains véhicules l'empruntent bien au delà de 50 km/h. Elle est également empruntée par des cyclistes qui n'ont pas de piste cyclable. Je l'emprunte ainsi que mes enfants chaque jour et la vitesse des véhicules est particulièrement élevée et dangereuse pour les cyclisme, piétons. Des ralentisseurs ainsi qu'une piste cyclable permettrait de sécuriser cette voie.Modalités de réalisation - Avis technique :
Il est possible de prévoir l’installation d’un ralentisseur sur cette voie. Au préalable les services en charge programmeront des comptages routiers pour confirmer des vitesses excessives.En revanche, la réalisation d’une piste cyclable sur cette voie ne peut être retenue dans le cadre de cet appel à idées car supérieure à 200 000 euros. Par ailleurs, plusieurs projets cyclables sont programmés sur le quartier : un itinéraire alternatif de piste cyclable par la voie verte de l’arc en ciel et le futur réseau express vélo de l’avenue Lardenne.",Éco-mobilité,60000,18 - Lardenne / Pradettes / Basso-Cambo,3,29,1108,18,Lardenne / Pradettes / Basso-Cambo,6.2,False,0
178,61,Des cendriers aux arrêts de bus / métro / tram ,"Bonjour, Il est affligeant de voir qu'en 2021 des gens continuent de jeter leurs mégots par terre avant de prendre les transports en commun. C'est pourquoi je pense qu'il est nécessaire d'installer des cendriers à chaque arrêt de bus/métro/tram. Je suggère l'utilisation du format des ""boîtes à clopes"" de Caen dans les lieux les plus fréquentés.Modalités de réalisation - Avis technique :Déploiement de 30 cendriers autour des arrêts de bus sur le quartier 2.4 afin que les personnes ne jettent pas leurs mégots par terre avant de prendre les transports en commun.",Cadre de vie,16000,19 - Casselardit / Fontaine-Bayonne / Cartoucherie,11,47,565,19,Casselardit / Fontaine-Bayonne / Cartoucherie,2.4,False,0
179,28,Végétalisation de la rue Agathoise ,Certaines place de parking public surdimensionnés et où portion de trottoirs doivent permettre d etre végétalise permettant d apporter fraîcheur et rendre moins austère cette rue.Modalités de réalisation - Avis technique :Le principe de suppression de place de stationnement au profit d’espaces végétalisés est tout à fait envisageable sur cette rue. Des investigations complémentaires (de type géodétection) seront nécessaires afin de déterminer le type de végétaux à prévoir.La rue Agathoise dispose d’un profil étroit avec une rue minérale et de nombreux accès riverains. Le réseau de gaz est présent sous le stationnement actuel.La création d’ilots végétalisés avec des strates basses agrémentées d’arbustes ou bien de structures permettant la plantation de grimpantes est possible.,Nature en ville,150000,3 - Les Chalets / Bayard / Belfort / Saint Aubin / Dupuy,16,35,786,3,Les Chalets / Bayard / Belfort / Saint Aubin / Dupuy,1.3,False,0
180,76,Végétaliser le square de la Vierge Rouge,"Bonsoir, Le square de la Vierge Rouge est petit espace vide au milieu des routes. Serait-il possible de le végétaliser ? Moins de pollution ! Et cela embellit la ville. Un joli petit espace vert, pour embellir véhicules, béton et goudron. Merci. Cdt,Modalités de réalisation - Avis technique :Le Square de la Vierge Rouge est un lieu pouvant être désimperméabilisé et végétalisé. Il est possible de réaliser un aménagement paysager avec des plantes de milieux secs adaptées à ce site. De nombreux réseaux sont présents sous cette place et limitent la palette végétale à des végétaux bas. Une géolocalisation des réseaux sera nécessaire pour dessiner le projet et valider le type des plantes à installer (vivaces et arbustes, et selon les résultats : arbre ou arbuste de plus ou moins grand développement).",Nature en ville,100000,8 - Minimes / Barrière de Paris / Ponts-Jumeaux / La Vache / Raisins / Fondeyre,58,40,805,8,Minimes / Barrière de Paris / Ponts-Jumeaux / La Vache / Raisins / Fondeyre,3.1,True,1
181,117,Propositions de lieux pour des composts,"Il pourrait y avoir un compost à l'angle des rues David Elbaz et Avenue Henri Guillaumet dans le triangle laissé à l'abandon. Il pourrait y avoir un compost chemin des Argoulets au niveau du TGBT dont les alentours sont laissés à l'abandon. Il devrait être prévu un ou des composts au sein du futur QG. Il pourrait y avoir un compost au niveau des jardins partagés au bout de l'allée Léon Bourgeois. Il pourrait y avoir un compost en haut de la rue des genêts au niveau du jardin. La demande est réelle, les attentes aussi.Modalités de réalisation - Avis technique :Emplacement 1 : à l'angle rue d'Elbaz / Avenue Guillaumet, cet emplacement n'est pas recommandé : le lieu d’emplacement du composteur doit être situé dans un environnement présentant un minimum de confort et d’attractivité pour le collectif d’habitants qui sera chargé de gérer le site de compostage, dans un esprit de convivialité. Le lieu, entouré de voies de circulation est très exposé au passage des automobiles, et peu sécurisé pour les usagers, ne présente pas de caractère de convivialité attendu pour un site de compostage. Emplacement 2 : Chemin des Argoulets au niveau du TGBT, site envisageable sous réserve de la création d'un collectif d'au minimum 30 habitants volontaires.Emplacement 3 : des composts sont prévus au sein de l'éco quartier Guillaumet. Emplacement 4 : il existe déjà un compost au sein du jardin partagé de la butte. Emplacement 5 : rue des Genêts, sous réserve de trouver les trente foyers nécessaires et de l'engagement collectif à gérer le site de compostage il est possible d'installer un compost.Attention, pour installer des composteurs il est nécessaire qu'au minima 30 foyers se déclarent volontaires pour lancer le projet et préparer l’organisation collective (à travers des temps de concertation).Si cette idée est votée, l'installation de composteurs collectif ne pourra se faire qu'à la condition que 30 foyers se déclarent volontaires+ d'infos sur toulouse-metropole.fr.",Déchets et Recyclage,14000,10 - Jolimont / Soupetard / Roseraie / Gloire / Gramont / Amouroux,34,39,1980,10,Jolimont / Soupetard / Roseraie / Gloire / Gramont / Amouroux,4.2,False,0
182,51,Végétaliser nos quartiers (projet étudié autour de la place Émile Male et sur la route de Saint-Simon),"Bonjour, Je pense que beaucoup de choses peuvent être améliorées. La première qui me vient à l'esprit est la question de l'environnement urbain. Nous allons vivre des années de plus en plus chaudes et je pense que ces pics de chaleur vont particulièrement se faire ressentir dans les villes où le béton absorbe de façon conséquente la chaleur. Personnellement, quand l'été arrive j'ai souvent l'impression d'étouffer. C'est pourquoi je pense que la végétalisation des espaces serait une solution efficace pour contrer la chaleur. Cela permettrait de créer des zones d'ombres, de faire baisser les températures, d'apporter un peu d'air et de casser l'aspect béton. Il me semble que beaucoup de gens aspirent à voir la nature un peu plus présente en ville ! J'habite dans le quartier des arènes où certes quelques arbres ont été plantés, mais cela ne me semble pas suffisant. Il serait tellement plus agréable de voir de l'herbe, des fleurs et cie à la place de ces trottoirs et allées bétonnées. Merci pour le temps que vous aurez accordé à la lecture de mon idéeModalités de réalisation - Avis technique :Végétalisation autour de la place Emile Male, et sur la route de Saint Simon en remplaçant certaines places de stationnement à proximité des arènes afin de réduire les espaces bétonnés et limiter les fortes températures estivales.",Nature en ville,130000,16 - Fontaine-Lestang / Arènes / Bagatelle / Papus / Tabar / Bordelongue / Mermoz / La Faourette,39,102,1335,16,Fontaine-Lestang / Arènes / Bagatelle / Papus / Tabar / Bordelongue / Mermoz / La Faourette,2.3,False,0
183,146,Poser des ralentisseurs avenue Albert Bedouce,"Il faudrait créer des ralentisseurs ou un radar sur l'avenue Albert Bedouce car les voitures roulent trop vite. Nous habitons dans une résidence au carrefour avenue du Lauragais et avenue Albert Bedouce, et tous les jours nous observons des excès, dérapages, accélérations au niveau du feu tricolore. Certaines voitures foncent jusqu'à la place du métro Saouzelong. C'est un point de rencontre des dealers. Il y a bien plusieurs ralentisseurs avenue du Lauragais et aussi un radar. Nous avons des enfants, ce serait plus sûr pour tout le monde. Merci d'avance Monsieur Le Maire.Modalités de réalisation - Avis technique : Installation de ralentisseurs sur l'avenue Albert Bedouce est une proposition réalisable.",Cadre de vie,30000,13 - Rangueil / Sauzelong / Jules-Julien / Pech-David / Pouvourville,21,45,711,13,Rangueil / Sauzelong / Jules-Julien / Pech-David / Pouvourville,5.2,False,0
184,138,Mettre en sens unique et zone 30 l'avenue de Rangueil,"L'avenue de Rangueil est un axe très emprunté par les véhicules, cela provoque des nuisances sonores, pollution et risque d'accidents car cette avenue transverse beaucoup de zone d'habitations. Elle serait plus agréable de la rendre en sens unique de l'avenue Jules Julien vers Rangueil, pour éviter le flux vers la rocade. En redéfinissant la zone de stationnement résident cela permettrait d'augmenter les places de stationnements. Ce serait un réel avantage pour ce quartier en pleine expansion. bonne journéeModalités de réalisation - Avis technique : L'instauration d'une zone 30 sur l'Avenue de Rangueil et mise à l'étude pour sa mise à sens unique sont réalisables.",Cadre de vie,40000,13 - Rangueil / Sauzelong / Jules-Julien / Pech-David / Pouvourville,20,53,672,13,Rangueil / Sauzelong / Jules-Julien / Pech-David / Pouvourville,5.2,False,0
185,15,Amélioration de l'aire de jeux du square Mady de la Giraudière,"Le square Mady de la Giraudière est un lieu de rencontre des familles des quartiers Bazacle et Amidonniers. L'installation de sanisettes non loin de ce parc permettrait de garder un espace propre. Un éclairage de l'aire de jeux et des tables de pique-nique serait également appréciable jusqu'à 22h afin de pouvoir profiter de ce lieu en toute sécurité.Modalités de réalisation - Avis technique :Ce square et son aire de jeux constituent en effet un espace de rencontre agréable pour les familles.Afin d’améliorer l’usage et l’aspect de l’aire de jeux, il est proposé de reprendre les sols souples (aujourd’hui hétérogènes) de l’aire de jeux.L’ajout de 1 ou 2 tables de pique nique peut également être envisagé.En revanche, l'éclairage des aires de jeux est susceptible d'entraîner des dérives d’usage sur ces espaces particuliers qui doivent rester « protégés » la nuit de toutes mauvaises utilisations festives et inappropriées, source de nuisances pour les riverains.L'installation d'une sanisette aux alentours pourra être étudiée, selon les contraintes techniques (réseaux) du secteur.",Cadre de vie,60000,2 - Amidonniers / Compans-Caffarelli / Brouardel,17,62,1089,2,Amidonniers / Compans-Caffarelli / Brouardel,1.2,False,0
186,163,Réouverture des espaces verts des bords de Garonne aux Toulousains,"Avec la crise du covid, pas moins de 2ha d'espaces verts en bord de Garonne ont été fermés au public au niveau de la maison de retraite CCAS de ducis ; espaces verts comprenant des zones arborées, des pelouses, un étang et les rives de la Garonne avec la présence de plusieurs espèces protégées. Actuellement dans le quartier le premier espace vert public est soit le jardin du Barry (à 1km) ou les jardins Raymond VI (à 2km) alors que notre quartier situé en bord de Garonne dispose de nombreux potentiels d'espaces verts pour les riverains non exploités dont le parc Ducis fait partie (on peut citer également les arènes romaines ou le parc autour du château de la Flambère ) L'objectif serait d'ouvrir le site au croisement de 2 quartiers Ancely et Casselardit avec 4 objectifs : - recréer le lien social entre les résidents de l'EPHAD et les familles / enfants fréquentant le parc - apporter une ambition en terme d'aménagement (reverdir l'espace)/ gestion du parc (proposer une gestion plus extensive) - apporter une plus-value écologique du parc inclus dans la trame verte et bleue de la métropole, pouvant s'intégrer dans le grand parc garonne et pouvant être valorisé en site de compensation dans le cadre de projets d'aménagement locaux - sensibiliser les écoles / riverains à proximité à la biodiversité et à la prise en considération de la nature en ville de la Métropole Parmi les idées pouvant être mises en place : - remplacer pour partie la tonte hebdomadaire des espaces verts par une fauche extensive / pâturage favorable aux espèces des milieux ouverts type éco-pâturage - planter des arbres sur des secteurs ciblés pour permettre de créer des zones aménagées pour les riverains (picnic, détente...) ainsi que des ilots de fraicheurs - planter des haies champêtre côté avenue de casselardit pour isoler le parc de l’avenue - vérifier la présence de chauve souris dans les combles du château et proposer des mesures de gestion suivi (camera nocturnes) - créer un jardin partagé école / Ephad - créer une zone d'observation des oiseaux d'eau (grand cormoran, héron...) entre le château et la Garonne - créer une aire de Jeux en bois, avec des parcours d’équilibrePour se faire, il faudrait réaliser un état zéro du site avec une participation des riverains / école / résidents EPHAD, découverte de la biodiversité insoupçonnée du parc Ce site s'intègre parfaitement dans la politique métropolitaine en faveur de la biodiversité (trame verte et bleue / participation citoyenne intergénérationnelle / 100000 arbres...) Ce site est également situé en bord d'une piste cyclable aménagée et très fréquentée ainsi que le long du GR86.Modalités de réalisation - Avis technique :Un programme de plantation sur ce site est déjà établi avec le choix des essences et les lieux de plantation. Ces plantations seront réalisées à l’automne. L’ouverture au public d’une partie du parc devra respecter les contraintes liées à l’accueil des résidents de l’EPHAD (raisons sanitaires et de sécurité).Les installations proposées dans cette idée devront être étudiées au regard du coût de rachat du foncier.",Nature en ville,200000,20 - Arènes Romaines / Ancely / Saint-Martin du Touch / Purpan,164,66,3102,20,Arènes Romaines / Ancely / Saint-Martin du Touch / Purpan,6.1,True,1
187,134,Création d une piste cyclable avenue de la Marcaissonne,"Côté droit avenue de la Marcaissonne à partir route de la route de Revel jusqu'au giratoire donnant sur l avenue de Gameville. Pour permettre de rejoindre le parc de la Marcaissonne en vélo et de faire une continuité avec la piste cyclable existante devant les ""Jardins de la Garonne"" avenue de Gameville.Modalités de réalisation - Avis technique :Création d’une piste cyclable permettant de rejoindre le parc de la Marcaissonne en vélo et de créer une continuité avec la piste cyclable existante devant les ""Jardins de la Garonne "" située sur l’Avenue de Gameville. Cette piste cyclable viendrait ainsi s’insérer au côté droit de l’Avenue de la Marcaissonne à partir de la Route de Revel jusqu’au numéro 7 de l’Avenue de la Marcaissonne.",Éco-mobilité,200000,12 - Pont des Demoiselles / Ormeau / Montaudran / La Terrasse / Malepère,52,55,738,12,Pont des Demoiselles / Ormeau / Montaudran / La Terrasse / Malepère,5.1,False,0
188,152,Aire de jeux accessible à tous au jardin du Pays d'Oc,"Il n'y a pas d'aire de jeux pour enfants handicapés dans le quartier.. Notre association le Busca, notre quartier propose d'installer une aire de jeux pour enfants handicapés lors de l'aménagement du Rond-point des Français Libres. qui permettrait un accès facile à cet espace pour les accompagnants.Modalités de réalisation - Avis technique :Installation d'une aire de jeux pour enfants à mobilité réduite au Jardin du Pays d'Oc. L'installation d'une aire de jeux sur le Rond-Point des Français Libres n'avait pas été autorisé par les Architectes des Bâtiments de France. En contrepartie, il est possible de financer une aire de jeux accessible à tous sur le Jardin du Pays d'Oc, en complément d'une aire de jeux déjà conséquente, afin de permettre aux enfants de se mélanger entre eux.",Cadre de vie,30000,5 - Saint-Michel / Saint-Agne / Empalot / Le Busca / Ile du Ramier / Monplaisir,14,53,787,5,Saint-Michel / Saint-Agne / Empalot / Le Busca / Ile du Ramier / Monplaisir,5.3,False,0
189,188,City Stade quartier Guilhermy,"Habitant le quartier de Guilhermy à St Simon depuis 18 ans, je suis en mesure de dire que ce quartier, en perpétuelle évolution, n'a aucun lieu de jeux ou loisirs pour les enfants et ados. Des centaines de résidences et immeubles viennent d'être construis mais rien pour les jeunes. Depuis plus de 15 ans nous demandons un City Stade afin que tous puissent avoir un endroit où s'amuser en sécurité. A ce jour, ils jouent dans la rue, devant nos maisons ou appartements avec toute l'insécurité que cela représente. Même les jeunes ados n'ont plus un banc pour discuter ou s'assoir Tout a été fait comme il se doit sur le quartier des Tibaous mais rien de notre côté. Cette aire de jeux ou City Stade est une réelle nécessité.Modalités de réalisation - Avis technique :Au vu de la proximité avec les terrains de jeu en accès libre de la Base de loisirs de la Ramée, il est préconisé l’installation d’équipement sport-santé en accès libre, modules de sport, aux abords du groupe scolaire. La présence d’un city stade induit des nuisances sonores pour les riverains.",Cadre de vie,40000,14 - Saint-Simon / Lafourguette / Oncopole-Campus Santé du Futur,26,29,1062,14,Saint-Simon / Lafourguette / Oncopole-Campus Santé du Futur,6.4,False,0
190,166,Un Parcours Santé au bord du Touch,"Nous pourrions changer le parcours Santé du bord du Touch vieillissant, sur la ZAC de Saint -Martin-du-Touch qui est en bord du Touch, pour le bien être des riverains et des citoyens.Modalités de réalisation - Avis technique : Ce projet est opportun avec le développement de la ZAC Saint-Martin du Touch car le quartier est peu doté en équipements sportifs de proximité. En réponse à cette idée, une nouvelle station fitness regroupant 10 modules pourrait être installée sur ce site.",Cadre de vie,35000,20 - Arènes Romaines / Ancely / Saint-Martin du Touch / Purpan,36,34,483,20,Arènes Romaines / Ancely / Saint-Martin du Touch / Purpan,6.1,False,0
191,128,Installation de ruches urbaines,"Créer des ruches urbaines gérer par des volontaires du quartier ayant reçu une formation aux préalables. Le miel récolté sera dégusté lors d'évènements de quartier ou autres.Modalités de réalisation - Avis technique :Installation de quatre ruches dans le quartier Pont des Demoiselles – Ormeau – Montaudran - Malepère pour une production associative et locale de miel. La collectivité s’engagera à fournir les ruches ainsi que le matériel nécessaire à leur exploitation par des habitants du quartier, sous réserve que les habitants volontaires soient aptes à réaliser l’entretien et que les ruches soient recensées auprès de la Direction départementale des services vétérinaires (DDSV).",Nature en ville,3000,12 - Pont des Demoiselles / Ormeau / Montaudran / La Terrasse / Malepère,87,31,686,12,Pont des Demoiselles / Ormeau / Montaudran / La Terrasse / Malepère,5.1,True,1
192,94,Installation de pièges à moustiques à Croix Daurade,"Le quartier de Croix Daurade fait parti de ceux durement touchés par l'arrivée des moustiques tigres. Peut-être serait-il possible d'installer des nichoirs à chauve souris, des pièces à moustiques dans le quartier ?Modalités de réalisation - Avis technique :Le service de l’Animal dans la Ville attire l’attention sur le fait que les chauves souris ont une activité crépusculaire voire nocturne et que les moustiques tigres piquent particulièrement en journée (matinée et début de soirée avant la tombée de la nuit).Les chauves souris consommeront des moustiques du genre Culex qui, habituellement, ne sont pas ceux qui posent le plus de problèmes, des insectes volants divers et quelques moustiques tigres. Il ne s’agit pas d’une solution miracle, d’autant que le moustique tigre fait aujourd’hui partie de la chaine alimentaire. Ainsi, la “massification” des nichoirs à chauve souris ne permettra pas d’éradiquer le moustique tigre d’un secteur.Cette solution doit être utilisée avec pragmatisme. Elle s’inscrit dans le cadre de la préservation de la biodiversité et de l’approche éco-systémique mais elle n’est pas la plus appropriée pour lutter contre le moustique tigre. D’autres solutions comme les pièges pondoirs devraient être priorisés car ils interviennent sur une étape clé et incontournable du cycle de vie du moustique tigre et sont spécifiques à cette espèce. L’installation de pièges pondoirs sur l'espace public est donc proposée, 40 pièges pondoirs pour 1 200 euros.",Nature en ville,1200,9 - Trois Cocus / Borderouge / Croix-Daurade / Paléficat / Grand Selve,49,51,1484,9,Trois Cocus / Borderouge / Croix-Daurade / Paléficat / Grand Selve,3.3,True,1
193,68,Une fresque au coeur du quartier Bourrassol valorisant la nature sur un lieu de vie important pour les habitants,"Le quartier dans lequel j’habite a comme marqueur essentiel la qualité de vie qu’elle soit par les habitants, l’environnement, la nature et les services. La place des Micocouliers est un lieu central où l’on trouve une maison des solidarités, une crèche, un jardin partagé, et où la population du quartier se retrouve en toute convivialité. Afin d’embellir ce site et lui donner une identité culturelle, mon idée est de faire réaliser une fresque artistique valorisant la nature sur un mur donnant sur la place et donc visible par tous les passants. Les copropriétaires de la Résidence Esprit Garonne acceptent de dédier ce mur à cette oeuvre. La thématique de cette fresque devra mettre en valeur l’aspect nature et animaux en accord avec l’aspect verdoyant et convivial de la place des Micocouliers et plus globalement de l’ensemble du quartier. De plus, ce projet sensibilisera la population au Street Art (Ateliers, observation, rencontres artistiques). Dans cet objectif, j’accompagnerai la réalisation de la fresque par un reportage photos qui sera accessible à tous via le site internet du Comité de Quartier Fontaines Garonne.Modalités de réalisation - Avis technique :Réalisation d'une fresque au cœur du quartier Bourrassol, face à l’espace vert de la rue Antonio Vivaldi afin d'embellir le site et sensibiliser les habitants au Street Art. Les motifs et la thématique pourront être concertés avec les riverains du quartier.",Cadre de vie,25000,19 - Casselardit / Fontaine-Bayonne / Cartoucherie,75,112,1434,19,Casselardit / Fontaine-Bayonne / Cartoucherie,2.4,True,1
194,98,Equipements sportifs,"Je souhaite des équipements sportifs de type ""musculation"" en plein air, de libre accès, installés soit le long des sentes piétonnières, soit dans les Jardins du Museum, donc dans la verdure et à l'ombre. Quartier TROIS COCUS - BORDEROUGEModalités de réalisation - Avis technique :Le parc de la Maourine peut accueillir sur sa partie 3 agrès mais pas de véritable structure sportive d'importance. Le cout par structure sportive est de 5 000 euros, soit 15 000 euros pour les trois.",Cadre de vie,15000,9 - Trois Cocus / Borderouge / Croix-Daurade / Paléficat / Grand Selve,26,20,481,9,Trois Cocus / Borderouge / Croix-Daurade / Paléficat / Grand Selve,3.3,True,1
195,88,Remplacer les feux tricolores actuels de la Route de Blagnac par des feux récompenses et ajouter de nouveaux feux à tous les passages piétons,"Le feu récompense est un moyen simple pour inciter les conducteurs à respecter les limites de vitesse. Le 30km/h sur les petits tronçons existant comme devant les écoles n'est pas respecté de même que le 50km/h surtout la nuit. Par ailleurs, une demande de limiter le quartier à 30km/h a été faite dans une autre proposition et sans moyen incitatif cette proposition ne changera en rien la vitesse des conducteurs (c'est déjà le cas à Paris). Il faut des moyens coercitifs. https://www.lesechos.fr/2003/12/le-feu-qui-passe-au-rouge-en-cas-dexces-de-vitesse-679290Modalités de réalisation - Avis technique :Un feu vert récompense ne doit en aucun cas être associé à un passage piéton ou un carrefour ; il doit être en section courante de voirie. Il est possible d'envisager un tel dispositif route de Blagnac dans sa partie nord entre le rond-point Pierre Mounicq et le rond-point Jean Bégué.",Cadre de vie,55000,7 - Sept Deniers / Ginestous-Sesquières / Lalande,9,141,891,7,Sept Deniers / Ginestous-Sesquières / Lalande,3.2,False,0
196,109,Création d'une Venelle  quartier Soupetard Roseraie- accès - entre Rue Louis Plana et  quartier Guillaumet,"Il n'est à ce jour prévu aucune communication humaine vers le futur quartier Guillaumet depuis le secteur Est-Plana. La municipalité est propriétaire de 2000 m2 entre les numéros 147 à 151 de la rue Louis Plana. Cet emplacement a bénéficié d'un permis de démolir mais pas de programme de construction. Ces terrains sont au niveau altimétrique de la rue Louis Plana, soit à 2 ou 3 mètres plus bas que le site Guillaumet. Avant tout programme futur (ou vente à un promoteur) il est optatif de prévoir un accès par une venelle pentée joignant la rue Louis Plana (un passage piéton) à la zone ludique du futur quartier Guillaumet. Investissement minime compte tenu de l'ensemble parcellaire.Modalités de réalisation - Avis technique : Cette idée permet une connexion entre la rue Louis Plana et le Site Guillaumet.",Cadre de vie,100000,10 - Jolimont / Soupetard / Roseraie / Gloire / Gramont / Amouroux,36,106,810,10,Jolimont / Soupetard / Roseraie / Gloire / Gramont / Amouroux,4.2,False,0
197,131,Le développement de l'auto partage,"Bonjour, Afin de pouvoir poursuivre réduire la place de la voiture en ville, il faudrait développer les stations d'autopartage en périphérie. En effet, des quartier dans la commune de Toulouse et en bordure de rocades sont délaissés ce qui impose d'avoir sont véhicule personnel pour des petits déplacement. Nous pouvons facilement imaginer qu'avec un gros maillage de stations d'autopartage sur les communes de Toulouse Métropole et en grossissant les flottes disponibles aux terminus important que l'utilisation de la voiture la ou les TC sont présent sera considérablement réduit.Modalités de réalisation - Avis technique :Création de trois stations d'auto-partage réparties sur les quartiers Pont des Demoiselles - Ormeau - Montaudran - La Terrasse - Malepère. La collectivité étudiera les sites d'implantation les plus pertinents pour que ces nouvelles places soient utilisées au maximum.",Éco-mobilité,4500,12 - Pont des Demoiselles / Ormeau / Montaudran / La Terrasse / Malepère,35,34,893,12,Pont des Demoiselles / Ormeau / Montaudran / La Terrasse / Malepère,5.1,False,0
198,32,"Garder arbres, espaces aérés et terrains de foot/baskets autour du dôme de La Grave (plantations d’arbres fruitiers à proximité du terrain de jeux)","Avec le réchauffement climatique il faut absolument garder le maximum d'arbres et d'espace aéré dans nos quartier, et notamment autour du Dôme de Lagrave où se construit déjà un très gros immeuble de 200 logements, juste à côté (Immeuble du Dôme - Kaufmann & Broad). L'Asso St Cyprien quartier libre souhaite que soit garder les espaces verts, et terrains de jeux pour ado existants (le parc Raymond 6 a côté ne permet pas les jeux collectifs), afin de pouvoir RESPIRER, et créer des jardins partagés nourriciers et d'apprentissage. Merci ! Il faut rentrer dans le 21è siècle : ce ne sera pas le siècle du béton !Modalités de réalisation - Avis technique :Création d'un verger de plus de 2500m2 sur l’espace vert existant à proximité du terrain de jeux, afin de disposer d'un espace nourricier à destination des habitants du quartier. Concernant le terrain de basket en revanche, il appartient au CHU et la collectivité n’a pas d’emprise sur ce foncier, cette partie de la proposition n'a donc pas été retenue.",Nature en ville,192000,6 - Saint-Cyprien,100,147,1010,6,Saint-Cyprien,2.1,True,1
